particles,metric,originalMeanMs,localMeanMs,timeReductionPercent,reduction95Lo,reduction95Hi,practicalOnePercentSupported
1024000,scan_core,0.07448746666666667,0.06002773333333333,19.773905445079144,11.024291610522607,27.663107560082356,True
1024000,scan_complete,0.07491982222222222,0.06047288888888889,19.64176902102387,10.97784912661286,27.46248857484177,True
1024000,count_sort_complete,0.25588337777777775,0.2388891111111111,6.68253611198214,1.7032228725231247,11.40961768056451,True
1024000,spatial_hash_complete,0.27961644444444445,0.26103844444444446,6.667573067854892,2.317992501417554,10.823475682861904,True
1024000,simulation_complete,12.4443008,12.573034666666667,-1.0335855328145627,-3.467090608211554,1.3426844650599845,False
1024000,wall_frame,15.640150416666666,15.823315972222222,-1.165207057965878,-3.8656438044658348,1.465020152880736,False
15761198,scan_core,0.6337941333333333,0.5759232000000001,,,,
15761198,scan_complete,0.6342506666666666,0.5763733333333334,,,,
15761198,count_sort_complete,6.064642133333333,6.002037333333334,,,,
15761198,spatial_hash_complete,6.528317866666667,6.466978133333333,,,,
15761198,simulation_complete,281.8131328,281.8859093333333,,,,
15761198,wall_frame,314.809688125,314.93336020833334,,,,
