stage,name,particles,arm,repeat,startedUtc,endedUtc,processSeconds,scan_core,scan_complete,count_sort_complete,spatial_hash_complete,simulation_complete,wall_frame
pilot,d1500-r01-original,1024000,original,1,2026-10-06T12:18:10.375592+00:00,2026-10-06T12:18:18.766536+00:00,8.266634200001135,0.073728,0.0741888,0.2656512,0.2859352,12.804804266666666,16.057788333333335
pilot,d1500-r01-hlsl-wave-tiled-direct,1024000,hlsl-wave-tiled-direct,1,2026-10-06T12:18:29.060208+00:00,2026-10-06T12:18:36.292498+00:00,7.2248675000009825,0.06828373333333333,0.06859946666666666,0.24334506666666667,0.2647466666666667,12.1545216,15.260030833333333
pilot,d23000-r01-original,15761198,original,1,2026-10-06T12:18:46.572611+00:00,2026-10-06T12:20:16.996422+00:00,90.41641159999926,0.6318933333333333,0.6323456,6.050090666666667,6.514414933333334,281.11942826666666,314.0573725
pilot,d23000-r01-hlsl-wave-tiled-direct,15761198,hlsl-wave-tiled-direct,1,2026-10-06T12:20:27.294501+00:00,2026-10-06T12:21:58.262995+00:00,90.96192329999758,0.5685333333333333,0.56896,5.9843584,6.445218133333333,283.4465792,316.56119666666666
confirm,d1500-r01-original,1024000,original,1,2026-10-06T12:22:32.704895+00:00,2026-10-06T12:22:40.411873+00:00,7.700936600002024,0.0732416,0.073728,0.2432256,0.264832,12.0119808,15.144875833333334
confirm,d1500-r01-hlsl-wave-tiled-direct,1024000,hlsl-wave-tiled-direct,1,2026-10-06T12:22:50.687171+00:00,2026-10-06T12:22:58.424866+00:00,7.730960900000355,0.0574208,0.057838933333333335,0.2407168,0.26308533333333334,12.425028266666667,15.721203333333333
confirm,d1500-r02-hlsl-wave-tiled-direct,1024000,hlsl-wave-tiled-direct,2,2026-10-06T12:23:08.671308+00:00,2026-10-06T12:23:16.394576+00:00,7.7168138999986695,0.05850453333333333,0.0589568,0.23418026666666666,0.257488,12.6535936,15.873525
confirm,d1500-r02-original,1024000,original,2,2026-10-06T12:23:26.674345+00:00,2026-10-06T12:23:34.396698+00:00,7.714579399998911,0.07455573333333333,0.07491413333333333,0.2643626666666667,0.29090133333333335,13.004296533333333,16.34162
confirm,d1500-r03-original,1024000,original,3,2026-10-06T12:23:44.684167+00:00,2026-10-06T12:23:52.405311+00:00,7.714000100000703,0.07478613333333334,0.07529813333333334,0.262528,0.29256533333333334,12.865885866666666,16.0954175
confirm,d1500-r03-hlsl-wave-tiled-direct,1024000,hlsl-wave-tiled-direct,3,2026-10-06T12:24:02.680429+00:00,2026-10-06T12:24:10.407346+00:00,7.7198002000004635,0.07318186666666666,0.07364266666666666,0.26143493333333334,0.2848504,13.3053696,16.7252575
confirm,d1500-r04-hlsl-wave-tiled-direct,1024000,hlsl-wave-tiled-direct,4,2026-10-06T12:24:20.694537+00:00,2026-10-06T12:24:28.412010+00:00,7.710241099997802,0.060100266666666666,0.0605696,0.24313173333333332,0.2657797333333333,13.044181333333333,16.369699166666667
confirm,d1500-r04-original,1024000,original,4,2026-10-06T12:24:38.701871+00:00,2026-10-06T12:24:46.472532+00:00,7.763274499997351,0.0777472,0.07813973333333334,0.26948266666666665,0.2908442666666667,12.895146666666667,16.142729166666665
confirm,d1500-r05-original,1024000,original,5,2026-10-06T12:24:56.776582+00:00,2026-10-06T12:25:04.509736+00:00,7.724735300002067,0.07363413333333334,0.07406933333333333,0.2488832,0.27027626666666665,11.943304533333333,15.070949166666667
confirm,d1500-r05-hlsl-wave-tiled-direct,1024000,hlsl-wave-tiled-direct,5,2026-10-06T12:25:14.779677+00:00,2026-10-06T12:25:21.997848+00:00,7.211355600000388,0.055543466666666666,0.0559872,0.22720853333333332,0.24768853333333332,11.986901333333334,15.106641666666667
confirm,d1500-r06-hlsl-wave-tiled-direct,1024000,hlsl-wave-tiled-direct,6,2026-10-06T12:25:32.245375+00:00,2026-10-06T12:25:39.459999+00:00,7.209047800002736,0.05541546666666667,0.055842133333333335,0.2266624,0.24733866666666668,12.023133866666667,15.143569166666667
confirm,d1500-r06-original,1024000,original,6,2026-10-06T12:25:49.717695+00:00,2026-10-06T12:25:56.939895+00:00,7.216705099999672,0.07296,0.0733696,0.24681813333333333,0.2682794666666667,11.9451904,15.045310833333334
confirm,d23000-r01-original,15761198,original,1,2026-10-06T12:26:07.201351+00:00,2026-10-06T12:27:37.997249+00:00,90.78982090000136,0.630528,0.6309632,6.038894933333333,6.5078272,280.8365568,313.8319375
confirm,d23000-r01-hlsl-wave-tiled-direct,15761198,hlsl-wave-tiled-direct,1,2026-10-06T12:27:48.243293+00:00,2026-10-06T12:29:18.617308+00:00,90.36779630000092,0.5711872,0.571648,6.013457066666667,6.4847274666666666,281.30036053333333,314.3675333333333
confirm,d23000-r02-hlsl-wave-tiled-direct,15761198,hlsl-wave-tiled-direct,2,2026-10-06T12:29:28.881914+00:00,2026-10-06T12:30:59.651974+00:00,90.76453720000063,0.577536,0.5779114666666667,5.995016533333334,6.459451733333333,281.98539946666665,315.03463750000003
confirm,d23000-r02-original,15761198,original,2,2026-10-06T12:31:09.908934+00:00,2026-10-06T12:32:40.356132+00:00,90.44102239999847,0.6346581333333333,0.6351530666666667,6.076535466666667,6.537122133333333,281.99768746666666,314.98328
confirm,d23000-r03-original,15761198,original,3,2026-10-06T12:32:50.623229+00:00,2026-10-06T12:34:20.961475+00:00,90.33226120000108,0.6368938666666667,0.6373290666666667,6.075665066666667,6.5381632,282.0835072,315.11924583333337
confirm,d23000-r03-hlsl-wave-tiled-direct,15761198,hlsl-wave-tiled-direct,3,2026-10-06T12:34:31.221401+00:00,2026-10-06T12:36:02.097138+00:00,90.86994309999864,0.5767338666666667,0.5772373333333334,5.991748266666667,6.4548864,282.47044266666666,315.5293858333333
confirm,d23000-r04-hlsl-wave-tiled-direct,15761198,hlsl-wave-tiled-direct,4,2026-10-06T12:36:12.354901+00:00,2026-10-06T12:37:42.668563+00:00,90.3070850999975,0.5782357333333333,0.5786965333333334,6.007927466666667,6.468846933333333,281.7874346666667,314.8018841666667
confirm,d23000-r04-original,15761198,original,4,2026-10-06T12:37:52.914476+00:00,2026-10-06T12:39:23.234890+00:00,90.31474370000069,0.6330965333333334,0.6335573333333333,6.0674730666666665,6.530158933333333,282.33477973333333,315.30428916666665
