round,position,arm,meanMs,pid,startedUtc,finishedUtc,logSha256
1,1,tile,6.3745899999999995,42992,2026-09-15T05:18:07.868604+00:00,2026-09-15T05:18:09.103989+00:00,5a0644fa44f678f955e12bcbeab51ec138d5812cf6fb44d22d36c3e3981cda21
1,2,tile-fused,2.9049199999999997,49188,2026-09-15T05:18:09.179546+00:00,2026-09-15T05:18:10.074518+00:00,e2b8e545b8fd86a79d5dff9a6d2b99df9aa1b6d3cd6a234991e5d8216bca8aa9
1,3,rts,3.58411,51272,2026-09-15T05:18:10.149539+00:00,2026-09-15T05:18:11.039098+00:00,cc568c9695833b263ea3e70f94814be343f01857c471d3bea69816bd46019e3a
2,1,tile,6.375960000000001,15264,2026-09-15T05:18:11.118124+00:00,2026-09-15T05:18:12.345569+00:00,08fe345a10067b6b957a77332e08362e5d7edb78546faab4955aa8a5d470ac8d
2,2,rts,3.58385,56776,2026-09-15T05:18:12.421004+00:00,2026-09-15T05:18:13.310230+00:00,a725c27862d9c8ca8694e01be31f918698cc203ed35be3896eaf27acfe9a0f7c
2,3,tile-fused,2.9029700000000003,53704,2026-09-15T05:18:13.389073+00:00,2026-09-15T05:18:14.295156+00:00,fd80917792f637f6400c3563471825cdf2114f007d7e3a2abcf215708ecad3bd
3,1,tile-fused,2.9025499999999997,25104,2026-09-15T05:18:14.371415+00:00,2026-09-15T05:18:15.274444+00:00,73b58e1b421b14d02ce151783e8a8e36b9681745d365c3fab6c28013e020b1b9
3,2,tile,6.3757399999999995,53552,2026-09-15T05:18:15.354786+00:00,2026-09-15T05:18:16.583167+00:00,11a3e71d868ff32a6d5221b5ce7964862758866e36169769fdd8b04b33b89117
3,3,rts,3.5843000000000003,36288,2026-09-15T05:18:16.656898+00:00,2026-09-15T05:18:17.546282+00:00,15ec1210ef708273783d463671583ebd34c956a3fb8cbd53eeb979a36c8e63c8
4,1,tile-fused,2.90314,57876,2026-09-15T05:18:17.620346+00:00,2026-09-15T05:18:18.519893+00:00,2a2c8fa14eae4ce7eeec5a62e33a658b0303a35302eb6b00d661f13b3d3318a3
4,2,rts,3.58438,55368,2026-09-15T05:18:18.597941+00:00,2026-09-15T05:18:19.486734+00:00,20f36e43112e9a81125ba857dd89e0d489a4efdf1e0571ad568608d05dd1d540
4,3,tile,6.3779699999999995,46492,2026-09-15T05:18:19.571325+00:00,2026-09-15T05:18:20.800292+00:00,262673678dac4ca55b8450595b30eaa08a76feb32ccaed4af8492711a0896be6
5,1,rts,3.5849900000000003,42032,2026-09-15T05:18:20.881510+00:00,2026-09-15T05:18:21.780202+00:00,f73d42865909f75b9887a50890f85ef86ef83d8e2fe442e8decd07f3a7c9b8a2
5,2,tile,6.376530000000001,49992,2026-09-15T05:18:21.857221+00:00,2026-09-15T05:18:23.097811+00:00,270b292f96265679866245575cf3a9a2f04f07ab202211bea38662ff5ef1ae7e
5,3,tile-fused,2.90661,52944,2026-09-15T05:18:23.173874+00:00,2026-09-15T05:18:24.082614+00:00,222608698ba7a5c7a3af75cf94fe6ec67cbbb6ccff74dec6d4cc04b9c6a3cf4b
6,1,rts,3.58349,30860,2026-09-15T05:18:24.157794+00:00,2026-09-15T05:18:25.062238+00:00,a4af9f5b286f093738038b6d308d49e65a2d8c10ab45a1946456431c88bc2d4e
6,2,tile-fused,2.90443,22968,2026-09-15T05:18:25.138334+00:00,2026-09-15T05:18:26.039227+00:00,9b91bdc59f21d56145d1e811a81961b220d0d7b4e944edb607d09cb1828cfac4
6,3,tile,6.3762799999999995,54536,2026-09-15T05:18:26.122089+00:00,2026-09-15T05:18:27.358123+00:00,5801d489940a7f93a6c1f778d6f01202e66f171d6134a803eefe567c6eb13f99
