particles,spawn_density,arm,metric,mean_ms,median_run_p50_ms,median_run_p95_ms
39366,60,original,scan_complete,0.02580693333333333,0.022528,0.024576
39366,60,original,count_sort_complete,0.05584,0.052736,0.0553216
39366,60,original,spatial_hash_complete,0.06503466666666666,0.06323200000000001,0.06656
39366,60,original,simulation_complete,1.6334976,1.663744,1.983616
39366,60,original,wall_frame,2.4315354166666667,2.40875,2.7607799999999996
39366,60,original,scan_core,0.025346133333333333,0.021504,0.024576
39366,60,hlsl-wave-tiled,scan_complete,0.0376256,0.036351999999999995,0.038912
39366,60,hlsl-wave-tiled,count_sort_complete,0.0648,0.063488,0.070144
39366,60,hlsl-wave-tiled,spatial_hash_complete,0.0740992,0.072704,0.0809216
39366,60,hlsl-wave-tiled,simulation_complete,1.6561066666666666,1.716736,1.9393791999999999
39366,60,hlsl-wave-tiled,wall_frame,2.4557114583333335,2.462475,2.8354425
39366,60,hlsl-wave-tiled,scan_core,0.023616,0.023552,0.0256
39366,60,gpuprefixsums-rts,scan_complete,0.03512746666666666,0.033280000000000004,0.037888
39366,60,gpuprefixsums-rts,count_sort_complete,0.0616384,0.057856,0.068608
39366,60,gpuprefixsums-rts,spatial_hash_complete,0.07109546666666666,0.067328,0.079872
39366,60,gpuprefixsums-rts,simulation_complete,1.6484245333333334,1.678336,1.9591424
39366,60,gpuprefixsums-rts,wall_frame,2.4522822916666667,2.455775,2.7934400000000004
39366,60,gpuprefixsums-rts,scan_core,0.022152533333333335,0.020479999999999998,0.024576
39366,60,hlsl-wave-tiled-direct,scan_complete,0.023605333333333332,0.023808000000000003,0.0256
39366,60,hlsl-wave-tiled-direct,count_sort_complete,0.053696,0.054272,0.05632
39366,60,hlsl-wave-tiled-direct,spatial_hash_complete,0.06430933333333333,0.065024,0.067584
39366,60,hlsl-wave-tiled-direct,simulation_complete,1.6312896000000001,1.678592,1.910272
39366,60,hlsl-wave-tiled-direct,wall_frame,2.4355135416666664,2.4265749999999997,2.7323725
39366,60,hlsl-wave-tiled-direct,scan_core,0.023195733333333336,0.023552,0.0256
128000,200,original,scan_complete,0.02424106666666667,0.024576,0.0256256
128000,200,original,count_sort_complete,0.06025386666666667,0.058368,0.067584
128000,200,original,spatial_hash_complete,0.06906026666666668,0.067584,0.07936
128000,200,original,simulation_complete,2.362673066666667,2.3549439999999997,2.5592576
128000,200,original,wall_frame,3.414330625,3.402825,3.6896549999999997
128000,200,original,scan_core,0.023808,0.023552,0.0256
128000,200,hlsl-wave-tiled,scan_complete,0.0434714,0.039936,0.0461056
128000,200,hlsl-wave-tiled,count_sort_complete,0.08152106666666667,0.075776,0.0886016
128000,200,hlsl-wave-tiled,spatial_hash_complete,0.09104426666666667,0.083968,0.100864
128000,200,hlsl-wave-tiled,simulation_complete,2.380281533333333,2.3697920000000003,2.5763584
128000,200,hlsl-wave-tiled,wall_frame,3.4506658333333333,3.4117499999999996,3.7986725
128000,200,hlsl-wave-tiled,scan_core,0.029527466666666665,0.027136,0.031744
128000,200,gpuprefixsums-rts,scan_complete,0.030901333333333333,0.028672,0.0384256
128000,200,gpuprefixsums-rts,count_sort_complete,0.06726613333333334,0.062464,0.082944
128000,200,gpuprefixsums-rts,spatial_hash_complete,0.07601493333333333,0.07168,0.0947456
128000,200,gpuprefixsums-rts,simulation_complete,2.3727616,2.3528960000000003,2.5809919999999997
128000,200,gpuprefixsums-rts,wall_frame,3.425873125,3.39865,3.7480499999999997
128000,200,gpuprefixsums-rts,scan_core,0.019310933333333336,0.017408,0.023577599999999997
128000,200,hlsl-wave-tiled-direct,scan_complete,0.0275264,0.026624,0.031744
128000,200,hlsl-wave-tiled-direct,count_sort_complete,0.063648,0.061696,0.073728
128000,200,hlsl-wave-tiled-direct,spatial_hash_complete,0.0725504,0.070656,0.0855296
128000,200,hlsl-wave-tiled-direct,simulation_complete,2.3808746666666667,2.3603199999999998,2.5889024000000003
128000,200,hlsl-wave-tiled-direct,wall_frame,3.433604375,3.4132499999999997,3.751857499999999
128000,200,hlsl-wave-tiled-direct,scan_core,0.027095466666666665,0.026624,0.03072
410758,600,original,scan_complete,0.05632213333333333,0.0512,0.056832
410758,600,original,count_sort_complete,0.13998906666666666,0.12953599999999998,0.1384192
410758,600,original,spatial_hash_complete,0.1550972,0.14284799999999997,0.2615551999999997
410758,600,original,simulation_complete,5.0604629333333335,5.012736,5.606220799999999
410758,600,original,wall_frame,6.821012916666667,6.759925,7.51713
410758,600,original,scan_core,0.0558912,0.0512,0.0558592
410758,600,hlsl-wave-tiled,scan_complete,0.06974993333333333,0.058368,0.07350239999999969
410758,600,hlsl-wave-tiled,count_sort_complete,0.1574356,0.13696,0.3601664
410758,600,hlsl-wave-tiled,spatial_hash_complete,0.17170546666666667,0.15001599999999998,0.3756544
410758,600,hlsl-wave-tiled,simulation_complete,5.0107008,4.942080000000001,5.6011008
410758,600,hlsl-wave-tiled,wall_frame,6.763774791666666,6.6974,7.3981025
410758,600,hlsl-wave-tiled,scan_core,0.046368,0.038912,0.041984
410758,600,gpuprefixsums-rts,scan_complete,0.041713066666666666,0.037888,0.039936
410758,600,gpuprefixsums-rts,count_sort_complete,0.12635506666666668,0.115712,0.13107199999999972
410758,600,gpuprefixsums-rts,spatial_hash_complete,0.14323186666666665,0.129024,0.242944
410758,600,gpuprefixsums-rts,simulation_complete,4.997768533333334,4.932096,5.6162048
410758,600,gpuprefixsums-rts,wall_frame,6.748610208333333,6.707325,7.4151175
410758,600,gpuprefixsums-rts,scan_core,0.0225408,0.021248,0.022041599999999998
410758,600,hlsl-wave-tiled-direct,scan_complete,0.04425386666666667,0.038912,0.039936
410758,600,hlsl-wave-tiled-direct,count_sort_complete,0.129152,0.116224,0.1249536
410758,600,hlsl-wave-tiled-direct,spatial_hash_complete,0.14244266666666666,0.129024,0.13724160000000002
410758,600,hlsl-wave-tiled-direct,simulation_complete,4.996936533333333,4.933888,5.543961599999999
410758,600,hlsl-wave-tiled-direct,wall_frame,6.757481875,6.68915,7.4156025
410758,600,hlsl-wave-tiled-direct,scan_core,0.04379093333333334,0.037888,0.039424
1024000,1500,original,scan_complete,0.07994026666666668,0.072704,0.0788992
1024000,1500,original,count_sort_complete,0.26981333333333335,0.24576,0.47779839999999996
1024000,1500,original,spatial_hash_complete,0.29329706666666666,0.267264,0.5003008
1024000,1500,original,simulation_complete,12.5938368,12.653568,13.8713856
1024000,1500,original,wall_frame,15.822805416666666,15.858125000000001,17.195210000000003
1024000,1500,original,scan_core,0.07949866666666666,0.072704,0.0783872
1024000,1500,hlsl-wave-tiled,scan_complete,0.09128106666666666,0.08704,0.09216
1024000,1500,hlsl-wave-tiled,count_sort_complete,0.2793045333333333,0.258048,0.48555519999999996
1024000,1500,hlsl-wave-tiled,spatial_hash_complete,0.30340693333333335,0.279552,0.5121536
1024000,1500,hlsl-wave-tiled,simulation_complete,12.613245866666666,12.633856,13.8862592
1024000,1500,hlsl-wave-tiled,wall_frame,15.835335,15.823225,17.191885
1024000,1500,hlsl-wave-tiled,scan_core,0.059541333333333335,0.057344,0.062464
1024000,1500,gpuprefixsums-rts,scan_complete,0.061672533333333335,0.05632,0.061977599999999994
1024000,1500,gpuprefixsums-rts,count_sort_complete,0.24519466666666667,0.227328,0.4534272
1024000,1500,gpuprefixsums-rts,spatial_hash_complete,0.26808960000000004,0.249088,0.475904
1024000,1500,gpuprefixsums-rts,simulation_complete,12.6003072,12.673024,13.847296
1024000,1500,gpuprefixsums-rts,wall_frame,15.83045875,15.8843,17.2101275
1024000,1500,gpuprefixsums-rts,scan_core,0.0344192,0.03072,0.0353536
1024000,1500,hlsl-wave-tiled-direct,scan_complete,0.060234666666666666,0.055296,0.0599296
1024000,1500,hlsl-wave-tiled-direct,count_sort_complete,0.24963839999999998,0.228352,0.459392
1024000,1500,hlsl-wave-tiled-direct,spatial_hash_complete,0.273632,0.250368,0.4833792
1024000,1500,hlsl-wave-tiled-direct,simulation_complete,12.572970666666667,12.641024,13.899776
1024000,1500,hlsl-wave-tiled-direct,wall_frame,15.820160416666667,15.82995,17.157712500000002
1024000,1500,hlsl-wave-tiled-direct,scan_core,0.0598208,0.055296,0.0599296
4096766,6000,original,scan_complete,0.18770346666666668,0.18432,0.185344
4096766,6000,original,count_sort_complete,1.3126165333333333,1.273856,1.5017728
4096766,6000,original,spatial_hash_complete,1.3962944,1.353472,1.5856384
4096766,6000,original,simulation_complete,37.8362048,37.96096,41.006336000000005
4096766,6000,original,wall_frame,47.50824791666667,47.57925,50.746895
4096766,6000,original,scan_core,0.18724266666666667,0.18432,0.185344
4096766,6000,hlsl-wave-tiled,scan_complete,0.23527253333333334,0.23193599999999998,0.23398400000000003
4096766,6000,hlsl-wave-tiled,count_sort_complete,1.3707285333333332,1.326848,1.5674367999999999
4096766,6000,hlsl-wave-tiled,spatial_hash_complete,1.4523264,1.405952,1.6486912
4096766,6000,hlsl-wave-tiled,simulation_complete,38.0044096,38.031104,41.3139712
4096766,6000,hlsl-wave-tiled,wall_frame,47.6857975,47.701475,50.995697500000006
4096766,6000,hlsl-wave-tiled,scan_core,0.16025813333333333,0.157696,0.15923199999999998
4096766,6000,gpuprefixsums-rts,scan_complete,0.1387584,0.134144,0.13568000000000002
4096766,6000,gpuprefixsums-rts,count_sort_complete,1.2613952,1.225984,1.4532864
4096766,6000,gpuprefixsums-rts,spatial_hash_complete,1.3466005333333335,1.3056,1.5398912
4096766,6000,gpuprefixsums-rts,simulation_complete,37.89905066666667,37.800192,41.094860800000006
4096766,6000,gpuprefixsums-rts,wall_frame,47.564500208333335,47.578624999999995,50.766994999999994
4096766,6000,gpuprefixsums-rts,scan_core,0.06897066666666667,0.065536,0.067584
4096766,6000,hlsl-wave-tiled-direct,scan_complete,0.15760639999999998,0.152576,0.154112
4096766,6000,hlsl-wave-tiled-direct,count_sort_complete,1.2815210666666668,1.2469759999999999,1.4733056
4096766,6000,hlsl-wave-tiled-direct,spatial_hash_complete,1.3676352,1.3278720000000002,1.5570688000000001
4096766,6000,hlsl-wave-tiled-direct,simulation_complete,37.9252992,37.912831999999995,41.0722048
4096766,6000,hlsl-wave-tiled-direct,wall_frame,47.585163125,47.6464,50.823907500000004
4096766,6000,hlsl-wave-tiled-direct,scan_core,0.157152,0.151552,0.1531136
8192000,12000,original,scan_complete,0.36011946666666667,0.338944,0.5797376000000001
8192000,12000,original,count_sort_complete,3.1311765333333335,3.176448,3.2436480000000003
8192000,12000,original,spatial_hash_complete,3.368663466666667,3.391488,3.458176
8192000,12000,original,simulation_complete,94.20023466666666,94.04416,99.29464320000001
8192000,12000,original,wall_frame,112.10671375,111.97325,117.184485
8192000,12000,original,scan_core,0.35966719999999996,0.338432,0.5787135999999999
8192000,12000,hlsl-wave-tiled,scan_complete,0.5238208,0.49536,0.7547648
8192000,12000,hlsl-wave-tiled,count_sort_complete,3.3020778666666666,3.345664,3.4004992000000005
8192000,12000,hlsl-wave-tiled,spatial_hash_complete,3.529083733333333,3.561472,3.6190208000000004
8192000,12000,hlsl-wave-tiled,simulation_complete,94.41471146666666,94.220544,99.4490112
8192000,12000,hlsl-wave-tiled,wall_frame,112.32996666666666,112.124025,117.2812625
8192000,12000,hlsl-wave-tiled,scan_core,0.30344533333333334,0.287744,0.4132608
8192000,12000,gpuprefixsums-rts,scan_complete,0.3516650666666667,0.33433599999999997,0.46607359999999964
8192000,12000,gpuprefixsums-rts,count_sort_complete,3.134606933333333,3.186688,3.2395775999999996
8192000,12000,gpuprefixsums-rts,spatial_hash_complete,3.3693546666666667,3.4055679999999997,3.4580735999999996
8192000,12000,gpuprefixsums-rts,simulation_complete,95.4197184,94.16832,98.9116928
8192000,12000,gpuprefixsums-rts,wall_frame,113.36676291666667,112.0452,116.9622875
8192000,12000,gpuprefixsums-rts,scan_core,0.11498026666666666,0.108544,0.11164160000000001
8192000,12000,hlsl-wave-tiled-direct,scan_complete,0.32283093333333335,0.303104,0.43281919999999974
8192000,12000,hlsl-wave-tiled-direct,count_sort_complete,3.110461866666667,3.1365119999999997,3.1954431999999997
8192000,12000,hlsl-wave-tiled-direct,spatial_hash_complete,3.3460224000000003,3.3541119999999998,3.4125312
8192000,12000,hlsl-wave-tiled-direct,simulation_complete,95.44193706666667,94.311424,99.3994752
8192000,12000,hlsl-wave-tiled-direct,wall_frame,113.46877916666666,112.34555,117.15609
8192000,12000,hlsl-wave-tiled-direct,scan_core,0.32238506666666666,0.30259199999999997,0.43281919999999974
15761198,23000,original,scan_complete,0.6875434666666667,0.6364160000000001,0.9099008
15761198,23000,original,count_sort_complete,6.320765866666667,6.270976,6.361216
15761198,23000,original,spatial_hash_complete,6.786282666666667,6.732799999999999,6.8205312
15761198,23000,original,simulation_complete,284.71581653333334,280.489984,292.9756416
15761198,23000,original,wall_frame,317.93894166666666,313.26532499999996,325.751475
15761198,23000,original,scan_core,0.6868032,0.635392,0.9089024
15761198,23000,hlsl-wave-tiled,scan_complete,1.3865728,1.274624,1.5181312
15761198,23000,hlsl-wave-tiled,count_sort_complete,7.086363733333333,6.940416,7.0237184
15761198,23000,hlsl-wave-tiled,spatial_hash_complete,7.556032,7.40224,7.4953216000000005
15761198,23000,hlsl-wave-tiled,simulation_complete,286.18985599999996,281.06496000000004,294.229632
15761198,23000,hlsl-wave-tiled,wall_frame,319.694690625,314.511025,326.702675
15761198,23000,hlsl-wave-tiled,scan_core,0.6445674666666666,0.59648,0.8402432
15761198,23000,gpuprefixsums-rts,scan_complete,1.2116224,1.138688,1.4091776
15761198,23000,gpuprefixsums-rts,count_sort_complete,6.767547733333333,6.808064,6.8812032
15761198,23000,gpuprefixsums-rts,spatial_hash_complete,7.2282304,7.269120000000001,7.3421568
15761198,23000,gpuprefixsums-rts,simulation_complete,281.4515776,280.67328,293.544064
15761198,23000,gpuprefixsums-rts,wall_frame,314.43108416666666,313.733975,327.2112425
15761198,23000,gpuprefixsums-rts,scan_core,0.4678016,0.436224,0.6854144
15761198,23000,hlsl-wave-tiled-direct,scan_complete,0.6331392,0.575488,0.8182528
15761198,23000,hlsl-wave-tiled-direct,count_sort_complete,6.264349866666667,6.213888,6.2892032
15761198,23000,hlsl-wave-tiled-direct,spatial_hash_complete,6.7291050666666665,6.673920000000001,6.752
15761198,23000,hlsl-wave-tiled-direct,simulation_complete,284.16948906666664,280.809984,293.459072
15761198,23000,hlsl-wave-tiled-direct,wall_frame,317.5094554166667,314.15072499999997,326.8451375
15761198,23000,hlsl-wave-tiled-direct,scan_core,0.6326122666666667,0.5749759999999999,0.818176
