length,arm,core_mean_ms,complete_mean_ms,paired_outside_core_mean_ms,core_p50_ms,complete_p50_ms
32768,original,0.007687541666666666,0.007884208333333333,0.0001966666666666666,0.007456,0.007632
32768,hlsl-wave-tiled,0.0081856,0.012287333333333334,0.004101733333333333,0.008168,0.012272
32768,gpuprefixsums-rts,0.0072918666666666665,0.011373066666666666,0.0040812,0.00728,0.011359999999999999
32768,hlsl-wave-tiled-direct,0.008278133333333333,0.008483866666666666,0.00020573333333333328,0.008296,0.008480000000000001
65536,original,0.008312666666666666,0.008516533333333333,0.00020386666666666673,0.0076,0.007776
65536,hlsl-wave-tiled,0.010240266666666666,0.015426933333333333,0.005186666666666667,0.009128,0.01336
65536,gpuprefixsums-rts,0.0073546666666666665,0.011527333333333334,0.0041726666666666665,0.00736,0.011536000000000001
65536,hlsl-wave-tiled-direct,0.009143133333333333,0.009346,0.0002028666666666667,0.009136,0.009328
131072,original,0.009318287500000001,0.009521020833333333,0.00020273333333333335,0.008384,0.008552
131072,hlsl-wave-tiled,0.012716333333333333,0.018001200000000002,0.005284866666666667,0.010616,0.0152
131072,gpuprefixsums-rts,0.007327666666666666,0.011751866666666666,0.0044242,0.007328,0.011744
131072,hlsl-wave-tiled-direct,0.010667266666666666,0.010864333333333333,0.00019706666666666667,0.010656,0.010848
262144,original,0.0110877,0.0112867,0.000199,0.009944,0.010136
262144,hlsl-wave-tiled,0.015369133333333333,0.022075466666666668,0.006706333333333333,0.012528000000000001,0.022496000000000002
262144,gpuprefixsums-rts,0.008978979166666666,0.015319133333333334,0.006340154166666667,0.0077280000000000005,0.012992
262144,hlsl-wave-tiled-direct,0.015299741666666667,0.015553141666666666,0.0002534000000000001,0.012648,0.012832
410758,original,0.02102893125,0.021207952083333332,0.00017902083333333333,0.020232,0.020384
410758,hlsl-wave-tiled,0.017757866666666667,0.025331133333333332,0.007573266666666667,0.017896,0.027648
410758,gpuprefixsums-rts,0.0101562,0.017335733333333332,0.007179533333333333,0.008192,0.014304
410758,hlsl-wave-tiled-direct,0.016715852083333333,0.016973870833333335,0.00025801875,0.014464,0.014672000000000001
524288,original,0.022238935416666668,0.022449335416666667,0.00021039999999999996,0.024632,0.024808
524288,hlsl-wave-tiled,0.018934666666666666,0.0273804,0.008445733333333334,0.01576,0.029272
524288,gpuprefixsums-rts,0.010253785416666666,0.018384933333333332,0.008131147916666666,0.008368,0.01508
524288,hlsl-wave-tiled-direct,0.01864518125,0.01892918125,0.00028399999999999986,0.015504,0.015744
1048576,original,0.029774083333333333,0.029964683333333332,0.0001905999999999998,0.030928,0.031072000000000002
1048576,hlsl-wave-tiled,0.0233914,0.03570453333333333,0.012313133333333334,0.023216,0.036248
1048576,gpuprefixsums-rts,0.0122414,0.023427175,0.011185775,0.010336000000000001,0.026175999999999998
1048576,hlsl-wave-tiled-direct,0.0242074,0.024434733333333333,0.00022733333333333335,0.0264,0.026543999999999998
2097152,original,0.043511666666666664,0.04370513333333333,0.0001934666666666667,0.043536,0.043696
2097152,hlsl-wave-tiled,0.0359434,0.05311946666666666,0.017176066666666667,0.037352,0.052872
2097152,gpuprefixsums-rts,0.0167544,0.033299466666666666,0.016545066666666667,0.01424,0.034103999999999995
2097152,hlsl-wave-tiled-direct,0.03620967916666667,0.0363930125,0.0001833333333333333,0.03748,0.037632
4194304,original,0.07024066666666667,0.0703898,0.00014913333333333345,0.068944,0.06912
4194304,hlsl-wave-tiled,0.05899246666666667,0.0868872,0.02789473333333333,0.060023999999999994,0.08566399999999999
4194304,gpuprefixsums-rts,0.026586533333333332,0.0550552,0.028468666666666666,0.023440000000000003,0.055088
4194304,hlsl-wave-tiled-direct,0.05875986666666667,0.058921666666666664,0.00016179999999999979,0.059072,0.0592
8388608,original,0.12225413333333333,0.12240380000000001,0.00014966666666666646,0.119592,0.11973600000000001
8388608,hlsl-wave-tiled,0.10725286666666667,0.15748993333333333,0.05023706666666666,0.106072,0.153728
8388608,gpuprefixsums-rts,0.045863133333333334,0.108487,0.06262386666666667,0.042039999999999994,0.105952
8388608,hlsl-wave-tiled-direct,0.10453933333333333,0.10473206666666666,0.00019273333333333354,0.10352,0.103656
16000000,original,0.2219322,0.22213053333333332,0.00019833333333333278,0.220352,0.22060000000000002
16000000,hlsl-wave-tiled,0.20357526666666667,0.46529466666666663,0.2617194,0.203704,0.466592
16000000,gpuprefixsums-rts,0.156451,0.43002473333333335,0.27357373333333335,0.156072,0.430112
16000000,hlsl-wave-tiled-direct,0.1992356,0.19942379999999998,0.00018820000000000024,0.19917600000000002,0.199376
