phase,group,pair,count,baseline,candidate,baselineMilliseconds,candidateMilliseconds,baselineOverCandidate,order,baselineLogSha256,candidateLogSha256
1,scan-rts,1,268435456,rts,tile,5.764519999999999,9.30407,0.6195697151891592,rts/tile,16a71028cc4299d76743883e6c092505f9112e5bddfb95f8de420f00b6700689,94c67d69facee5a485b0c9d270fa60a94b5b27fa16ec304205fb7c46137d2d6f
1,scan-rts,2,268435456,rts,tile,5.7695300000000005,9.31209,0.6195741235318818,tile/rts,ef132dd2df033f37a955e170d06ab127a999f18a3edcd49815405769fa9a0615,18c738e2aab2b4c6d796cabf638c065afc98136dac5e9af0bb32060286cdda57
1,scan-rts,3,268435456,rts,tile,5.7630099999999995,9.30392,0.6194174068564647,rts/tile,71da6585c9338bfc3be147093a3105de95254bf91b6105ce9e16b16e1282da8a,612a9c9c18610f2283eb990fca6d2456a101b791faa2e0d629cb61f56d330af5
1,scan-rts,4,268435456,rts,tile,5.769959999999999,9.31011,0.6197520759690271,tile/rts,bc85d777b9efdacca59d3f015b968d3c12da79d58e9eb4fd8109676caae9eee0,e35df07816e1b91b1d017bbdb9c6ae5c81521e5f3dd6a3d75f826c11cb10d4c5
1,scan-rts,5,268435456,rts,tile,5.756959999999999,9.31262,0.618189081053452,rts/tile,99b7d9a9fa1b16dfebb912064b80d1605b18fc4116e36f9e14455234f8307528,2c6935462ad9edecc94870274e78254bfaad7c31030b24738ef53d533beb6cc2
1,sort-device,1,268435456,device,tile4,50.46584,98.93637,0.5100838043684036,device/tile4,eee12320df9abc8daca81ea2cff81bc37c1d13d08fa0df4c6b6e7e4a3a9e7912,a6b13a8961a45c949aee5e335e74614755890371e2f3779abc7c4359bec3ace9
1,sort-device,2,268435456,device,tile4,48.724489999999996,98.91631000000001,0.4925829724137505,tile4/device,3da002ec97491e8d6218d385614cebf3158c946b76250f06f822742791426fea,24fb969880be7d23c023205ea6c4e1280c409a74ac3687587146d59d0b5f36ac
1,sort-device,3,268435456,device,tile4,48.74885,96.11777000000001,0.5071783292517086,device/tile4,07dbf0fd3deaacf723cb9ab7c4f246a0abcf6d7aa9640c452c13f19c80a26847,eebe25cd1a75630dd2dc893f29b56dad42f1a03d940aa537a8d296608944ab4d
1,sort-device,4,268435456,device,tile4,50.467639999999996,99.8977,0.5051932126565476,tile4/device,e843e12e24b38f758c1490bbc7abd4928d71891e13821ffc400bf7191db07d87,3ee933fe6c482f72973a0aa54a74f833ac4ab0e4a530221eeb4dfc74a4589f6f
1,sort-device,5,268435456,device,tile4,50.13351,99.74790999999999,0.5026021096582375,device/tile4,00d49981e722468d6e2194f7dad4c50e08279d3aa4b51bfed9ff1abc65d8a3c0,3b38312b78f4d5170624944334bf65d72313f0dab9569b33502d6899d0cb1b46
1,sort-onesweep,1,268435456,onesweep,tile4,41.558460000000004,94.74966,0.4386132889553377,onesweep/tile4,cbb148ab16d3f8b34594b1e5533c4497ecffb8fc44bf58e9391d04cc7126a47d,acf615a362611b3cc5a162ae76d603b1c3debae79834de0a772b3c93098839b3
1,sort-onesweep,2,268435456,onesweep,tile4,38.95984,93.02094,0.4188287067406543,tile4/onesweep,8dfcf9428f0644a1f257e7e6d92d53a9e4db815dd71df77de33e3df6eadeabab,4a86c190cab662cc40b06aceb87548193ed24d2208ad62c51369c9f413435bb0
1,sort-onesweep,3,268435456,onesweep,tile4,38.95828,93.07615,0.41856350955642235,onesweep/tile4,f18425914db0fab2120d237aee84834a07bc48fb8707094f4dff85eb502021fb,5944b1989c4945d7daf1ca80a8371f97d1223ea08c84cc2d894c55bb73166e54
1,sort-onesweep,4,268435456,onesweep,tile4,38.93978,93.06056,0.41843483426276395,tile4/onesweep,70dc6885756317efa579f6cfabba8f6ce07b1b4097ad1126997cff9d10832112,df925c67c352a033730e19af4d7ec8dfdd86b83fb948c0e1edd2b9dca6aca65f
1,sort-onesweep,5,268435456,onesweep,tile4,38.976259999999996,93.07211000000001,0.4187748617711578,onesweep/tile4,a643966ad62673af843538ae22e293d3253ad31a52059fd4af5a64b6e6af1507,a66fcf66318ff8f63dfd692fec8baa318fd726dac92a62eb56dd73f5d720eac4
1,sort-ffx,1,33554432,ffx,tile4,15.03355,12.11937,1.240456393360381,ffx/tile4,b6f205188d4bf1f8d2d0465199d7f19543c5932e8e655ca28d71ce145f83e7cf,6ce26588de10da7c4e7fde7ef80ac2b52fbc66b65e0f38488bf5fa7bce917f84
1,sort-ffx,2,33554432,ffx,tile4,15.03972,12.12846,1.2400354208201205,tile4/ffx,6ce68e628aa8a22868f17184a7b771ac31b36675fcf3b73882a1dd6e4fabc438,2b7e79205cc3ca63aa41a7a37c57bcab5424d62f6d185aaa77123b7df206c6a3
1,sort-ffx,3,33554432,ffx,tile4,15.045020000000001,12.12914,1.2404028645064697,ffx/tile4,ea83a6c438beeb961b7392b6d5ac56f422541f805e4cb28cd79823963a59e5ab,9f88d8dc0ce478ba4c246063b4277445189b806bec0af858c18f50b2e5ba242f
1,sort-ffx,4,33554432,ffx,tile4,15.03506,12.123,1.2402095190959335,tile4/ffx,bd20047efb52829ea01aae3b14fe2c7c97a91a99fce935dc83d9707832662d43,b9a91d9abc5600ab1344e6e18f3086f680e63b669d9673c21c90f78de85abb41
1,sort-ffx,5,33554432,ffx,tile4,15.03831,12.11943,1.240843009943537,ffx/tile4,55108ceeda525cd07068f5b8b7e4cf9e88ad3f4c57bf20d7a1c35a92f37224bd,780a390c8fb576080b3454b1f07d1205abcf8e4f8c69871c6b5bdce592e09328
2,sort-device-tile8,1,268435456,device,tile8,50.25904,194.8223,0.25797375351794943,device/tile8,d1923a710157b2d8547c380b1853f16eecbbd83018f8b6e78dfb5d080437bc0e,70e6d4f780c04febbd6fa82a0f451c14dd637a9b675280cb87a1c2b878cc7179
2,sort-device-tile8,2,268435456,device,tile8,48.311339999999994,183.98247,0.26258664752136435,tile8/device,e465e274468f8fe9b276d4f1f42ac8aebde6eb71759660e23b5e29864ab22674,e20697a12611ac16f2ff68fdd61403ee871aa72de2b9b1746b8b885ba2e62e73
2,sort-device-tile8,3,268435456,device,tile8,48.328309999999995,183.63117,0.2631814086900388,device/tile8,4fa1c0eb2244323d12a4253cdb208ce3df2c2f01a7de7848699c4695e51424c1,b40cdea619fd707676749c6834291d5cbb79e2a71459c11b08a3307183e1ddcb
2,sort-device-tile8,4,268435456,device,tile8,47.994789999999995,183.44152000000003,0.2616353702258899,tile8/device,4dd001a60f140521bad7d975f7c8b3d9202432875be713e8e3d2643cd9c64de2,cb75cf0b361dfa6127f9b0d80805b4172708317e96e9fa81cbcbf30901aef064
2,sort-device-tile8,5,268435456,device,tile8,48.066019999999995,183.74627,0.26158909239354894,device/tile8,5bd851d56c49af0fef7ada5843d53a6b7cf11c80c2225e324cd85c94c3d14079,e34d4270d321054a354d30aeaaef70c5b2e59566ddb527b2119ab8fce896661a
2,sort-onesweep-tile8,1,268435456,onesweep,tile8,38.89069,183.41314,0.21203873397511214,onesweep/tile8,69fcdb227e112e6197580de38ece0c4b8417b943998ae3b779183dd81bedd99d,dcf9b5f5e34a64cfd6544d89a63a48a51ae7ad969144e0bbc190c4e5905c0f28
2,sort-onesweep-tile8,2,268435456,onesweep,tile8,38.853,183.47462000000002,0.211762258998002,tile8/onesweep,4dd4af8ae644f5e157360dc27c3cf028a18ef9a5c97a98cafb3339a657b50ffb,d106e768cc565c76158ab9d390db2e823e126a96301d80d60d676cee8c1d7433
2,sort-onesweep-tile8,3,268435456,onesweep,tile8,38.85337,183.75745999999998,0.21143832745620234,onesweep/tile8,2e151cd42045ee52987def2bc6394ac15ddbee116a951233669dbfac7374eb98,49276b8b04b1bfc5bb68caf9914ad91c9721fe63e9f15a73e3464888a1204c44
2,sort-onesweep-tile8,4,268435456,onesweep,tile8,38.89014,183.49689,0.21193895983741196,tile8/onesweep,1980f926b0f7f8394684b3c2ba3c2241004471505e4bb7e1c18e2fa2f3a542f3,861e9df003e95e0fbe4388a7f57ccd0a74b5934371d3c5bf8d8f022665d7b929
2,sort-onesweep-tile8,5,268435456,onesweep,tile8,38.87399,183.61591,0.21171362546960118,onesweep/tile8,0278f3ecc71769ab422edc4b8419af75e0fde64de510a1f421c27093ccc14c9f,4a6bce787d823729908afb23f1bde53efb85aad7b949af88702a0c56593877ee
2,sort-ffx-tile8,1,33554432,ffx,tile8,15.038530000000002,23.49715,0.6400150656568988,ffx/tile8,7fcfcd0d19db2295b38ff93a87ff3c36bde306ae7bfb7c6f02072bbfea58af80,a337052a022b90ef93da87ec3bae661d00c805c6b76b46b7b21543094e66db26
2,sort-ffx-tile8,2,33554432,ffx,tile8,15.03908,23.49294,0.6401531694202599,tile8/ffx,a4dfe0e00c21dfabfd23c555deba1fcd655c9ed97b98c4a8e9f5ed1d6244f508,877ad4a475396d47156e36aa59fa89fa5a0e0eb4c52966ac5c9b695e2b8842ec
2,sort-ffx-tile8,3,33554432,ffx,tile8,15.040569999999999,23.485809999999997,0.6404109545295649,ffx/tile8,c8b319b878f99b1a0018e13bca3daaee1f7dca67a5c9817a342e7a1c8c1b0d6c,ee5a52a9a211d04384b85cd838f41eb29e248a52788319710821392b5b619835
2,sort-ffx-tile8,4,33554432,ffx,tile8,15.04423,23.493879999999997,0.6403467626462722,tile8/ffx,1c65830eebb5697f5557d4feb4d40058b9fa9b2215aa2267c6f6d26337c78659,b9731abd23c888885e74156b28267642eed73889cb7a1e27622cb732268bb7d0
2,sort-ffx-tile8,5,33554432,ffx,tile8,15.03947,23.496769999999998,0.6400654217579693,ffx/tile8,47a935935db4bf3fe6181d68958a675762f0942069cb1f91d595e1b8d8677d22,632d927f83470fdfc9f92671f010f08af1f9e3bfb5456bc7d70a4ce0659517f4
