stage,tag,count,operation,arm,repeat,meanMs,p50Ms,p95Ms,maxMs,withinProcessCv,startedUtc,finishedUtc,logSha256
pilot-03,n201326592-r01-inclusive-rts,201326592,inclusive,rts,1,2.76630304,2.698816,3.2721327999999996,3.392768,0.06537545203725174,2026-10-06T11:47:54.435514+00:00,2026-10-06T11:47:55.443682+00:00,2139a5f904d7552b7d488bbb3ef8f8c48877fa9902539043d7db934d179bb6be
pilot-03,n201326592-r01-inclusive-tile-fused,201326592,inclusive,tile-fused,1,2.24948192,2.1707359999999998,2.4844016,2.662176,0.049492422561892756,2026-10-06T11:48:05.665632+00:00,2026-10-06T11:48:06.672796+00:00,f8f85812536fe5fb32996981e0088e283ec7032db95715e8465f0c94df8f27bb
pilot-03,n201326592-r01-exclusive-rts,201326592,exclusive,rts,1,2.74029984,2.696736,3.0339696000000003,3.269504,0.043695933596638675,2026-10-06T11:48:16.883932+00:00,2026-10-06T11:48:17.891097+00:00,d7236cde2cda027850911d1d5786af89349751004481ea89083fbdbc57c58082
pilot-03,n201326592-r01-exclusive-tile-fused,201326592,exclusive,tile-fused,1,2.2620784,2.198432,2.5234608,2.69504,0.050009745684377944,2026-10-06T11:48:28.113162+00:00,2026-10-06T11:48:29.120662+00:00,2144f8bb7cf1d425e45e41ccaf9e14054235fe152f079f405783aef300d18a7a
pilot-03,n268435456-r01-inclusive-rts,268435456,inclusive,rts,1,3.66353216,3.584448,4.213376,4.410976,0.05574271961330969,2026-10-06T11:48:39.364681+00:00,2026-10-06T11:48:40.686741+00:00,d47212d7c1b473bc71286f1fba786feedb0a3e0cd05e57df53e98628ff4315e5
pilot-03,n268435456-r01-inclusive-tile-fused,268435456,inclusive,tile-fused,1,2.93770176,2.890384,3.115912,3.422848,0.03748339996048376,2026-10-06T11:48:50.947358+00:00,2026-10-06T11:48:52.279908+00:00,16c883fa4fe932f237d500a8bee1061a41bcca84154f25095a15f2778f094845
pilot-03,n268435456-r01-exclusive-rts,268435456,exclusive,rts,1,3.64032032,3.5983840000000002,3.8246591999999997,3.99552,0.027679570079702974,2026-10-06T11:49:02.508141+00:00,2026-10-06T11:49:03.835117+00:00,2faa1c36ae76b72ebee53ebf30ca11ba91732fec85f6858cc2f8a67c8bf01b10
pilot-03,n268435456-r01-exclusive-tile-fused,268435456,exclusive,tile-fused,1,2.99863904,2.929088,3.1547648,3.711968,0.0433135358309311,2026-10-06T11:49:14.078028+00:00,2026-10-06T11:49:15.407788+00:00,3dc2fa9618c969da12527431b6e68ddaab4666e159c7c88b544135e625806e51
confirmation-03,n201326592-r01-inclusive-rts,201326592,inclusive,rts,1,2.71368224,2.694816,2.9015951999999996,2.940736,0.022932401853657962,2026-10-06T11:49:54.838332+00:00,2026-10-06T11:49:55.845452+00:00,9d504ff9adc1b3e48d98108c1c7f29408341bf09ca007a3f351bdae8eebfbf89
confirmation-03,n201326592-r01-inclusive-tile-fused,201326592,inclusive,tile-fused,1,2.22175104,2.168592,2.3884575999999997,2.620256,0.042457737695936235,2026-10-06T11:50:06.094668+00:00,2026-10-06T11:50:07.103793+00:00,faa7f694f7accde68345c8f77f2fa4a275afd1443425082e760eb3a0eaf1560e
confirmation-03,n201326592-r01-exclusive-rts,201326592,exclusive,rts,1,2.71235488,2.693792,2.9074240000000002,3.091616,0.025614870933478417,2026-10-06T11:50:17.356591+00:00,2026-10-06T11:50:18.365441+00:00,207e10bb5afca0738fec1837ac1d34402c747064b518ac36372f60ab256aa324
confirmation-03,n201326592-r01-exclusive-tile-fused,201326592,exclusive,tile-fused,1,2.2761257599999998,2.19808,2.4144864,2.592032,0.04478014692228739,2026-10-06T11:50:28.609310+00:00,2026-10-06T11:50:29.618739+00:00,56ddcf41cd102ebd695069abb9abf4dc72577f819adbfd9c66a4ce2df58d7b3b
confirmation-03,n201326592-r02-exclusive-tile-fused,201326592,exclusive,tile-fused,2,2.23930528,2.196336,2.4046096,2.417664,0.033701045122786134,2026-10-06T11:50:39.873807+00:00,2026-10-06T11:50:40.883423+00:00,a0c8f73cf921006565da6ed9cba1e3e138509dd13e1b2e9eed557f5d2914c0f8
confirmation-03,n201326592-r02-exclusive-rts,201326592,exclusive,rts,2,2.74038752,2.7003839999999997,2.9318752000000003,3.023744,0.03379237489492676,2026-10-06T11:50:51.135623+00:00,2026-10-06T11:50:52.144827+00:00,b66d580e972303b1233546f6f0564e382dec1bcc60ae03cf4ed7e34fc76f32d8
confirmation-03,n201326592-r02-inclusive-tile-fused,201326592,inclusive,tile-fused,2,2.25810336,2.285792,2.39172,2.557696,0.04520040101030279,2026-10-06T11:51:02.387854+00:00,2026-10-06T11:51:03.398502+00:00,da63c6a9f9bee655c3c90b74408aac583baf8ce19dd3cc26d79ec3a57c831ec1
confirmation-03,n201326592-r02-inclusive-rts,201326592,inclusive,rts,2,2.7233030400000002,2.695168,2.92944,3.235424,0.03332737260044689,2026-10-06T11:51:13.649722+00:00,2026-10-06T11:51:14.658617+00:00,69f7f10e6ba8a75d78e36019025f84bc5cea8d0be0e53b9b5fae702ba421734d
confirmation-03,n201326592-r03-inclusive-rts,201326592,inclusive,rts,3,2.7045696,2.69,2.7314784,3.08128,0.021103544832489017,2026-10-06T11:51:24.907695+00:00,2026-10-06T11:51:25.917501+00:00,da46aeccdcb87758cc709449cb108cfe563d155111c91d21c89d46874c749f4b
confirmation-03,n201326592-r03-inclusive-tile-fused,201326592,inclusive,tile-fused,3,2.24797344,2.1709120000000004,2.3896176,2.551584,0.043372743649754714,2026-10-06T11:51:36.169129+00:00,2026-10-06T11:51:37.178723+00:00,71a6a40c76090c539d418e0ffc55f4ba01c105c014bade1eca65a3afa732d394
confirmation-03,n201326592-r03-exclusive-rts,201326592,exclusive,rts,3,2.71095744,2.6938079999999998,2.8828671999999997,3.108768,0.02324558884935626,2026-10-06T11:51:47.420459+00:00,2026-10-06T11:51:48.429717+00:00,82bea4636e56ccc549cf1bee2cd21b91322ccf4c16ecad014bcc766b5505739d
confirmation-03,n201326592-r03-exclusive-tile-fused,201326592,exclusive,tile-fused,3,2.2497888,2.1978239999999998,2.4202752000000003,2.598848,0.042587949496120214,2026-10-06T11:51:58.675223+00:00,2026-10-06T11:51:59.685725+00:00,8784233e31e85bf4d65893fa2c000d111463fbf6e066e96be4389e9f9347a2d3
confirmation-03,n201326592-r04-exclusive-tile-fused,201326592,exclusive,tile-fused,4,2.28964576,2.346688,2.4142656000000002,2.59888,0.041727448737520004,2026-10-06T11:52:09.938425+00:00,2026-10-06T11:52:10.948150+00:00,40b866445620069be80b7536ed23180eb263c6213c5cd9761232814319fb9df8
confirmation-03,n201326592-r04-exclusive-rts,201326592,exclusive,rts,4,2.72208416,2.695008,2.926856,3.100608,0.03028389343491333,2026-10-06T11:52:21.188765+00:00,2026-10-06T11:52:22.198144+00:00,f891270a51344873cadad7c773068e963d1f41b15775bc3fbfdb4ef42836494a
confirmation-03,n201326592-r04-inclusive-tile-fused,201326592,inclusive,tile-fused,4,2.24418112,2.170864,2.399928,2.559168,0.049020567601713055,2026-10-06T11:52:32.438223+00:00,2026-10-06T11:52:33.448069+00:00,af4783e4a947ad297ce983dc80abd7b11ed224f7bf7ecaaf72a33082fb30947e
confirmation-03,n201326592-r04-inclusive-rts,201326592,inclusive,rts,4,2.71249696,2.691712,2.9012480000000003,3.123136,0.026038800233544462,2026-10-06T11:52:43.689162+00:00,2026-10-06T11:52:44.698540+00:00,daeaa9d564d8b3dff060106eccf4599a491759518e82976e62a09b80d3febe06
confirmation-03,n201326592-r05-inclusive-rts,201326592,inclusive,rts,5,2.71088,2.6955999999999998,2.8986351999999997,2.936928,0.02027036596115282,2026-10-06T11:52:54.943285+00:00,2026-10-06T11:52:55.952209+00:00,680561c028944556a8fcd1f41d0978765bc7931d54356da761bdb28c6bd473dd
confirmation-03,n201326592-r05-inclusive-tile-fused,201326592,inclusive,tile-fused,5,2.22509888,2.1704,2.3879200000000003,2.556992,0.039684074381363954,2026-10-06T11:53:06.195779+00:00,2026-10-06T11:53:07.205060+00:00,9d71cb0d9d04e21479318b01af2157d7313387f1668ecbf2fabbef12e418e692
confirmation-03,n201326592-r05-exclusive-rts,201326592,exclusive,rts,5,2.71302016,2.6948160000000003,2.8988544000000003,3.09424,0.025897967510473918,2026-10-06T11:53:17.456288+00:00,2026-10-06T11:53:18.467262+00:00,92762f88597deb13ea00036932d0d6dbaea782527020077e2b166618ee8e7302
confirmation-03,n201326592-r05-exclusive-tile-fused,201326592,exclusive,tile-fused,5,2.2883968,2.3440640000000004,2.525896,2.583968,0.045590980806639675,2026-10-06T11:53:28.724450+00:00,2026-10-06T11:53:29.733757+00:00,41b71368bc97cd0c58a104d0f5c9235755c79da9059c7d24f0da93453ad18f1f
confirmation-03,n201326592-r06-exclusive-tile-fused,201326592,exclusive,tile-fused,6,2.25351936,2.196768,2.3510384,2.414848,0.03449968964746747,2026-10-06T11:53:39.973416+00:00,2026-10-06T11:53:40.982271+00:00,e5e660dd4a071730e31e3f766e450894f809bcad1c110c6ade56e8e623a7c7fc
confirmation-03,n201326592-r06-exclusive-rts,201326592,exclusive,rts,6,2.72300448,2.693936,2.929392,3.134656,0.032252547743425834,2026-10-06T11:53:51.217559+00:00,2026-10-06T11:53:52.226969+00:00,dfdbf7fc08a41ac0293ec7f6f1bec3151aa4073d028cad8cca9995c37fe6978e
confirmation-03,n201326592-r06-inclusive-tile-fused,201326592,inclusive,tile-fused,6,2.29457408,2.313936,2.5549008000000004,2.69376,0.05334279435005615,2026-10-06T11:54:02.477831+00:00,2026-10-06T11:54:03.487382+00:00,50c6b7251047afbe1758343d24abd95e239217f197202c7bb30000ef004b6624
confirmation-03,n201326592-r06-inclusive-rts,201326592,inclusive,rts,6,2.71932736,2.6988000000000003,2.9058496,2.930848,0.024186907090480055,2026-10-06T11:54:13.722886+00:00,2026-10-06T11:54:14.732925+00:00,875dc237d2e2976a35d92997f348b5a06bdc378be7b1fb3318cb5bedf83c633d
confirmation-03,n268435456-r01-inclusive-rts,268435456,inclusive,rts,1,3.6355248000000002,3.597248,3.813176,4.35456,0.0320824333933682,2026-10-06T11:54:24.974890+00:00,2026-10-06T11:54:26.294051+00:00,5a50fca83789772b32f39ff14b82e770022514b63e2c9ed62ba3d0412cfdb62c
confirmation-03,n268435456-r01-inclusive-tile-fused,268435456,inclusive,tile-fused,1,2.95234176,2.888992,3.1074176,3.32096,0.035402307510303155,2026-10-06T11:54:36.528361+00:00,2026-10-06T11:54:37.859951+00:00,7eb07c63b8b96914eb4bc00edb7c3471fc9d4ba292a6590eab544e512689a910
confirmation-03,n268435456-r01-exclusive-rts,268435456,exclusive,rts,1,3.61343424,3.5956,3.7955024,3.846016,0.01865800674073431,2026-10-06T11:54:48.095984+00:00,2026-10-06T11:54:49.428641+00:00,c84c269d9358a14af41f13b9474ad4c93c378fd11f82dac56f47f714ff9f64e8
confirmation-03,n268435456-r01-exclusive-tile-fused,268435456,exclusive,tile-fused,1,3.02390688,2.9274560000000003,3.1462608000000003,3.365888,0.0394857294040747,2026-10-06T11:54:59.659324+00:00,2026-10-06T11:55:00.984830+00:00,77dc4a48b191762fe2c52b09fa44c56ff678ec2f43b026984eae4f69b4b4be85
confirmation-03,n268435456-r02-exclusive-tile-fused,268435456,exclusive,tile-fused,2,2.9532592,2.925952,3.1447232,3.146592,0.024357175313369308,2026-10-06T11:55:11.218445+00:00,2026-10-06T11:55:12.546122+00:00,6fd659324a01d72d02733c7fe4ed0fdd4f07f125400f9cad37f2e8cbf5b2e9a0
confirmation-03,n268435456-r02-exclusive-rts,268435456,exclusive,rts,2,3.61008928,3.588816,3.7965215999999997,4.038592,0.02238477984763647,2026-10-06T11:55:22.780536+00:00,2026-10-06T11:55:24.112501+00:00,032ed828f540c321cb870a13d3be63d7f964c24f12291a291d1bde0b781afb56
confirmation-03,n268435456-r02-inclusive-tile-fused,268435456,inclusive,tile-fused,2,2.94125408,2.889312,3.1026431999999997,3.323872,0.032820494713497544,2026-10-06T11:55:34.344257+00:00,2026-10-06T11:55:35.669461+00:00,9a817821d9e35c0368c86d3e28a110136cf5736483ac1d2089d57be37a3807b4
confirmation-03,n268435456-r02-inclusive-rts,268435456,inclusive,rts,2,3.64001728,3.598352,3.8426336,4.0576,0.029799649950533965,2026-10-06T11:55:45.924623+00:00,2026-10-06T11:55:47.253327+00:00,9bff8a4aea415ab3a4da547ab614e13a59545a13ecce4d8300e9ad12696276d5
confirmation-03,n268435456-r03-inclusive-rts,268435456,inclusive,rts,3,3.62447776,3.58624,3.8319455999999996,3.989664,0.026127405720159015,2026-10-06T11:55:57.498951+00:00,2026-10-06T11:55:58.826879+00:00,6b497e48b2b4f1d7895a9a3cc7773ae0e3413982d01cc100f388d8779806f2c3
confirmation-03,n268435456-r03-inclusive-tile-fused,268435456,inclusive,tile-fused,3,3.00783456,2.893792,3.3241312,3.447584,0.04739073356119527,2026-10-06T11:56:09.061699+00:00,2026-10-06T11:56:10.385541+00:00,e9f37aa42f0f6a9dd975735510fc98a1db62d85f17df9dc2a0d091c45a82e1f1
confirmation-03,n268435456-r03-exclusive-rts,268435456,exclusive,rts,3,3.62416256,3.5845599999999997,3.8148288,4.385504,0.032257908568960415,2026-10-06T11:56:20.634461+00:00,2026-10-06T11:56:21.964603+00:00,d45ad669ad291f0afcb9b58c88591e8e96d4668aae32970aa99177fe186a48e6
confirmation-03,n268435456-r03-exclusive-tile-fused,268435456,exclusive,tile-fused,3,3.05327424,2.93224,3.3694768,3.373856,0.047395094222834104,2026-10-06T11:56:32.198522+00:00,2026-10-06T11:56:33.528521+00:00,4656a8c89ba157bc8fd8c99e69340dca3b0337316fe792aa8502ef026c28e557
confirmation-03,n268435456-r04-exclusive-tile-fused,268435456,exclusive,tile-fused,4,3.00182304,2.928016,3.1603536,3.381056,0.040954927987134876,2026-10-06T11:56:43.757953+00:00,2026-10-06T11:56:45.082365+00:00,e5568221088e9179e558cafab5c200173b3589635208808236b76525575b2a8f
confirmation-03,n268435456-r04-exclusive-rts,268435456,exclusive,rts,4,3.62316192,3.590176,3.8282976,4.087616,0.027323897508480858,2026-10-06T11:56:55.317784+00:00,2026-10-06T11:56:56.326806+00:00,05f1d4f632f4dab8a102dbc3ff672c6707feef2f687090c4455c32b6c8d203eb
confirmation-03,n268435456-r04-inclusive-tile-fused,268435456,inclusive,tile-fused,4,2.91974176,2.889632,3.1112640000000003,3.191808,0.026835939743935514,2026-10-06T11:57:06.571106+00:00,2026-10-06T11:57:07.894549+00:00,3b18c1c427005a457a75941eff31f4987ad764aaa689433fdc4c119e3ddb1cd6
confirmation-03,n268435456-r04-inclusive-rts,268435456,inclusive,rts,4,3.61279104,3.591248,3.8030095999999998,4.021408,0.023973978434859145,2026-10-06T11:57:18.142440+00:00,2026-10-06T11:57:19.468225+00:00,58d250b631e4ea175818ad65b036667fc7aef6d8551bdacce964ca4f1dd413d8
confirmation-03,n268435456-r05-inclusive-rts,268435456,inclusive,rts,5,3.61399616,3.59704,3.7952032,3.841024,0.01909263189590903,2026-10-06T11:57:29.700713+00:00,2026-10-06T11:57:31.031248+00:00,0f2aa145fea680317b6e0a7e714c7f86de2c689a3c222485ac2be15d582ca6ee
confirmation-03,n268435456-r05-inclusive-tile-fused,268435456,inclusive,tile-fused,5,2.95906144,2.889376,3.1075632,3.752352,0.045340521189245954,2026-10-06T11:57:41.271831+00:00,2026-10-06T11:57:42.589215+00:00,ac04ef98c871381d65d6d73a1ee8e27fd9e49195a0b5f22ff08e3d1afc910272
confirmation-03,n268435456-r05-exclusive-rts,268435456,exclusive,rts,5,3.61758688,3.5961600000000002,3.8046447999999997,4.046336,0.022281872427888143,2026-10-06T11:57:52.822850+00:00,2026-10-06T11:57:54.143159+00:00,2046ecede7ff888c64244c5e3857c2dab336e58ef4c97af43688bf0d7b84c638
confirmation-03,n268435456-r05-exclusive-tile-fused,268435456,exclusive,tile-fused,5,3.02795296,2.927488,3.1505952,3.36416,0.03939008125504465,2026-10-06T11:58:04.377569+00:00,2026-10-06T11:58:05.706672+00:00,d5e6a4f2a090389ee1868a495fa902b8a3c3071051900686bb63ed3a76cd4e75
confirmation-03,n268435456-r06-exclusive-tile-fused,268435456,exclusive,tile-fused,6,2.95242208,2.925264,3.1413408,3.145216,0.024171691249188224,2026-10-06T11:58:15.941401+00:00,2026-10-06T11:58:17.265243+00:00,14da181cf36e0eea776f45cac2595701053c22aa587c569d3e10099f35a0be99
confirmation-03,n268435456-r06-exclusive-rts,268435456,exclusive,rts,6,3.61948096,3.591264,3.8048048,4.065792,0.025862856596037476,2026-10-06T11:58:27.529187+00:00,2026-10-06T11:58:28.854048+00:00,7d68e872ef334eaf1ade87977c149c0a836bc332128fb84af27087efb452f352
confirmation-03,n268435456-r06-inclusive-tile-fused,268435456,inclusive,tile-fused,6,2.95963712,2.88984,3.1154848,3.627328,0.04385210082558172,2026-10-06T11:58:39.089055+00:00,2026-10-06T11:58:40.417470+00:00,aa3605ada57f376cedf76ae064cdbfeb441b5b7223294304bb1aa15d28602d01
confirmation-03,n268435456-r06-inclusive-rts,268435456,inclusive,rts,6,3.6408768,3.598688,3.823712,3.987744,0.0269407453708087,2026-10-06T11:58:50.671929+00:00,2026-10-06T11:58:52.003503+00:00,8b7cdfd9f6c580962ca92b50ea6eda695670004ea4e695c3f7353d18816cc4b9
