"element_count","scan_repeats","candidates","correct","stable","baseline_stable","selected_stable","baseline_median_ms","baseline_p95_ms","baseline_cv","selected_median_ms","selected_p95_ms","selected_cv","speedup","retained_baseline","backend","group_size","elements_per_thread","actual_items_per_thread","single_pass_groups","single_pass_items_scale","baseline_candidate","selected_candidate","output_sha256"
"2097152","1","36","36","36","True","True","0.1400025","0.1414055","0.005733245477911393","0.131125","0.13335","0.007388530661042169","1.0677025738798858","False","wave","512","2","2","256","4","HLSLPERF_ELEMENTS_PER_THREAD-4__HLSLPERF_GROUP_SIZE-256__HLSLPERF_SCAN_BACKEND-1__HLSLPERF_SINGLE_PASS_GROUPS-256__HLSLPERF_SINGLE_PASS_ITEMS_SCALE-4","HLSLPERF_ELEMENTS_PER_THREAD-2__HLSLPERF_GROUP_SIZE-512__HLSLPERF_SCAN_BACKEND-2__HLSLPERF_SINGLE_PASS_GROUPS-256__HLSLPERF_SINGLE_PASS_ITEMS_SCALE-4","2d503a19baf6afac92249cb78b01009673584628132b0e5466ba45095f48cb2c"
"2097152","4","36","36","35","True","True","0.2304175","0.23152575","0.005673499074058934","0.2039175","0.205239","0.004318444555984767","1.1299545159194282","False","wave","64","2","2","256","4","HLSLPERF_ELEMENTS_PER_THREAD-4__HLSLPERF_GROUP_SIZE-256__HLSLPERF_SCAN_BACKEND-1__HLSLPERF_SINGLE_PASS_GROUPS-256__HLSLPERF_SINGLE_PASS_ITEMS_SCALE-4","HLSLPERF_ELEMENTS_PER_THREAD-2__HLSLPERF_GROUP_SIZE-64__HLSLPERF_SCAN_BACKEND-2__HLSLPERF_SINGLE_PASS_GROUPS-256__HLSLPERF_SINGLE_PASS_ITEMS_SCALE-4","2d503a19baf6afac92249cb78b01009673584628132b0e5466ba45095f48cb2c"
"2097152","8","36","36","36","True","True","0.35149","0.354605","0.006392259108501078","0.2996225","0.30314225","0.007284032793800357","1.1731094961159458","False","wave","128","1","1","256","4","HLSLPERF_ELEMENTS_PER_THREAD-4__HLSLPERF_GROUP_SIZE-256__HLSLPERF_SCAN_BACKEND-1__HLSLPERF_SINGLE_PASS_GROUPS-256__HLSLPERF_SINGLE_PASS_ITEMS_SCALE-4","HLSLPERF_ELEMENTS_PER_THREAD-1__HLSLPERF_GROUP_SIZE-128__HLSLPERF_SCAN_BACKEND-2__HLSLPERF_SINGLE_PASS_GROUPS-256__HLSLPERF_SINGLE_PASS_ITEMS_SCALE-4","2d503a19baf6afac92249cb78b01009673584628132b0e5466ba45095f48cb2c"
"2097152","12","36","36","36","True","True","0.4728625","0.47648999999999997","0.00718216782665122","0.3974975","0.39931825","0.003414031981945187","1.1895986767212372","False","wave","128","1","1","256","4","HLSLPERF_ELEMENTS_PER_THREAD-4__HLSLPERF_GROUP_SIZE-256__HLSLPERF_SCAN_BACKEND-1__HLSLPERF_SINGLE_PASS_GROUPS-256__HLSLPERF_SINGLE_PASS_ITEMS_SCALE-4","HLSLPERF_ELEMENTS_PER_THREAD-1__HLSLPERF_GROUP_SIZE-128__HLSLPERF_SCAN_BACKEND-2__HLSLPERF_SINGLE_PASS_GROUPS-256__HLSLPERF_SINGLE_PASS_ITEMS_SCALE-4","2d503a19baf6afac92249cb78b01009673584628132b0e5466ba45095f48cb2c"
"2097152","16","36","36","36","True","True","0.59563","0.5998715","0.005105490347264227","0.4942075","0.4956775","0.002644434686660853","1.2052225026937065","False","wave","128","1","1","256","4","HLSLPERF_ELEMENTS_PER_THREAD-4__HLSLPERF_GROUP_SIZE-256__HLSLPERF_SCAN_BACKEND-1__HLSLPERF_SINGLE_PASS_GROUPS-256__HLSLPERF_SINGLE_PASS_ITEMS_SCALE-4","HLSLPERF_ELEMENTS_PER_THREAD-1__HLSLPERF_GROUP_SIZE-128__HLSLPERF_SCAN_BACKEND-2__HLSLPERF_SINGLE_PASS_GROUPS-256__HLSLPERF_SINGLE_PASS_ITEMS_SCALE-4","2d503a19baf6afac92249cb78b01009673584628132b0e5466ba45095f48cb2c"
"2097152","24","36","36","36","True","True","0.8376075","0.8410537499999999","0.0035248981895456997","0.68971","0.6909935","0.00189526767913884","1.214434327470966","False","wave","128","1","1","256","4","HLSLPERF_ELEMENTS_PER_THREAD-4__HLSLPERF_GROUP_SIZE-256__HLSLPERF_SCAN_BACKEND-1__HLSLPERF_SINGLE_PASS_GROUPS-256__HLSLPERF_SINGLE_PASS_ITEMS_SCALE-4","HLSLPERF_ELEMENTS_PER_THREAD-1__HLSLPERF_GROUP_SIZE-128__HLSLPERF_SCAN_BACKEND-2__HLSLPERF_SINGLE_PASS_GROUPS-256__HLSLPERF_SINGLE_PASS_ITEMS_SCALE-4","2d503a19baf6afac92249cb78b01009673584628132b0e5466ba45095f48cb2c"
"4194304","1","36","36","36","True","True","0.1655225","0.16775125","0.006618889205618696","0.1554775","0.15806625","0.00859939567796732","1.0646074190799313","False","single-pass","512","2","8","256","4","HLSLPERF_ELEMENTS_PER_THREAD-4__HLSLPERF_GROUP_SIZE-256__HLSLPERF_SCAN_BACKEND-1__HLSLPERF_SINGLE_PASS_GROUPS-256__HLSLPERF_SINGLE_PASS_ITEMS_SCALE-4","HLSLPERF_ELEMENTS_PER_THREAD-2__HLSLPERF_GROUP_SIZE-512__HLSLPERF_SCAN_BACKEND-3__HLSLPERF_SINGLE_PASS_GROUPS-256__HLSLPERF_SINGLE_PASS_ITEMS_SCALE-4","48d6c1906ad06f2de4fb61125605dcae70e96541d5b943cb14b78a74a05fb24e"
"4194304","4","36","36","36","True","True","0.3229825","0.32652075","0.005560683930843637","0.2788675","0.2812805","0.005533940992661144","1.1581934072633062","False","single-pass","512","2","8","256","4","HLSLPERF_ELEMENTS_PER_THREAD-4__HLSLPERF_GROUP_SIZE-256__HLSLPERF_SCAN_BACKEND-1__HLSLPERF_SINGLE_PASS_GROUPS-256__HLSLPERF_SINGLE_PASS_ITEMS_SCALE-4","HLSLPERF_ELEMENTS_PER_THREAD-2__HLSLPERF_GROUP_SIZE-512__HLSLPERF_SCAN_BACKEND-3__HLSLPERF_SINGLE_PASS_GROUPS-256__HLSLPERF_SINGLE_PASS_ITEMS_SCALE-4","48d6c1906ad06f2de4fb61125605dcae70e96541d5b943cb14b78a74a05fb24e"
"4194304","8","36","36","36","True","True","0.5316675","0.5333169999999999","0.0022024038524904627","0.441325","0.44415099999999996","0.0034176629999187443","1.204707415170226","False","single-pass","512","2","8","256","4","HLSLPERF_ELEMENTS_PER_THREAD-4__HLSLPERF_GROUP_SIZE-256__HLSLPERF_SCAN_BACKEND-1__HLSLPERF_SINGLE_PASS_GROUPS-256__HLSLPERF_SINGLE_PASS_ITEMS_SCALE-4","HLSLPERF_ELEMENTS_PER_THREAD-2__HLSLPERF_GROUP_SIZE-512__HLSLPERF_SCAN_BACKEND-3__HLSLPERF_SINGLE_PASS_GROUPS-256__HLSLPERF_SINGLE_PASS_ITEMS_SCALE-4","48d6c1906ad06f2de4fb61125605dcae70e96541d5b943cb14b78a74a05fb24e"
"4194304","12","36","36","36","True","True","0.7426325","0.7445655","0.00212124703389409","0.6058225","0.6078907499999999","0.0027016334308771596","1.2258252210837333","False","single-pass","512","2","8","256","4","HLSLPERF_ELEMENTS_PER_THREAD-4__HLSLPERF_GROUP_SIZE-256__HLSLPERF_SCAN_BACKEND-1__HLSLPERF_SINGLE_PASS_GROUPS-256__HLSLPERF_SINGLE_PASS_ITEMS_SCALE-4","HLSLPERF_ELEMENTS_PER_THREAD-2__HLSLPERF_GROUP_SIZE-512__HLSLPERF_SCAN_BACKEND-3__HLSLPERF_SINGLE_PASS_GROUPS-256__HLSLPERF_SINGLE_PASS_ITEMS_SCALE-4","48d6c1906ad06f2de4fb61125605dcae70e96541d5b943cb14b78a74a05fb24e"
"4194304","16","36","36","36","True","True","0.95263","0.95372375","0.0013534587708354375","0.7717975","0.77475825","0.003250276031182854","1.234300447980202","False","single-pass","512","2","8","256","4","HLSLPERF_ELEMENTS_PER_THREAD-4__HLSLPERF_GROUP_SIZE-256__HLSLPERF_SCAN_BACKEND-1__HLSLPERF_SINGLE_PASS_GROUPS-256__HLSLPERF_SINGLE_PASS_ITEMS_SCALE-4","HLSLPERF_ELEMENTS_PER_THREAD-2__HLSLPERF_GROUP_SIZE-512__HLSLPERF_SCAN_BACKEND-3__HLSLPERF_SINGLE_PASS_GROUPS-256__HLSLPERF_SINGLE_PASS_ITEMS_SCALE-4","48d6c1906ad06f2de4fb61125605dcae70e96541d5b943cb14b78a74a05fb24e"
"4194304","24","36","36","36","True","True","1.3715","1.373042","0.0014692181238374613","1.0996725","1.1050955","0.002862173470548072","1.2471895041478258","False","single-pass","512","2","8","256","4","HLSLPERF_ELEMENTS_PER_THREAD-4__HLSLPERF_GROUP_SIZE-256__HLSLPERF_SCAN_BACKEND-1__HLSLPERF_SINGLE_PASS_GROUPS-256__HLSLPERF_SINGLE_PASS_ITEMS_SCALE-4","HLSLPERF_ELEMENTS_PER_THREAD-2__HLSLPERF_GROUP_SIZE-512__HLSLPERF_SCAN_BACKEND-3__HLSLPERF_SINGLE_PASS_GROUPS-256__HLSLPERF_SINGLE_PASS_ITEMS_SCALE-4","48d6c1906ad06f2de4fb61125605dcae70e96541d5b943cb14b78a74a05fb24e"
"8388608","1","36","36","36","True","True","0.258285","0.25995225","0.00722894325051421","0.218675","0.22054","0.005935993223157423","1.181136389619298","False","single-pass","512","2","8","256","4","HLSLPERF_ELEMENTS_PER_THREAD-4__HLSLPERF_GROUP_SIZE-256__HLSLPERF_SCAN_BACKEND-1__HLSLPERF_SINGLE_PASS_GROUPS-256__HLSLPERF_SINGLE_PASS_ITEMS_SCALE-4","HLSLPERF_ELEMENTS_PER_THREAD-2__HLSLPERF_GROUP_SIZE-512__HLSLPERF_SCAN_BACKEND-3__HLSLPERF_SINGLE_PASS_GROUPS-256__HLSLPERF_SINGLE_PASS_ITEMS_SCALE-4","b666adfa50b979680df7841dd24181a463d942e6f7f81c5ddff22643045bb876"
"8388608","4","36","36","35","True","True","0.506505","0.5136117499999999","0.008683919094379561","0.4169925","0.4230465","0.008687503365662099","1.2146621342110469","False","single-pass","512","2","8","256","4","HLSLPERF_ELEMENTS_PER_THREAD-4__HLSLPERF_GROUP_SIZE-256__HLSLPERF_SCAN_BACKEND-1__HLSLPERF_SINGLE_PASS_GROUPS-256__HLSLPERF_SINGLE_PASS_ITEMS_SCALE-4","HLSLPERF_ELEMENTS_PER_THREAD-2__HLSLPERF_GROUP_SIZE-512__HLSLPERF_SCAN_BACKEND-3__HLSLPERF_SINGLE_PASS_GROUPS-256__HLSLPERF_SINGLE_PASS_ITEMS_SCALE-4","b666adfa50b979680df7841dd24181a463d942e6f7f81c5ddff22643045bb876"
"8388608","8","36","36","36","True","True","0.8928575","0.8949975","0.002345118798461275","0.7175325","0.72183075","0.0048824069517564165","1.244344332835098","False","single-pass","512","2","8","256","4","HLSLPERF_ELEMENTS_PER_THREAD-4__HLSLPERF_GROUP_SIZE-256__HLSLPERF_SCAN_BACKEND-1__HLSLPERF_SINGLE_PASS_GROUPS-256__HLSLPERF_SINGLE_PASS_ITEMS_SCALE-4","HLSLPERF_ELEMENTS_PER_THREAD-2__HLSLPERF_GROUP_SIZE-512__HLSLPERF_SCAN_BACKEND-3__HLSLPERF_SINGLE_PASS_GROUPS-256__HLSLPERF_SINGLE_PASS_ITEMS_SCALE-4","b666adfa50b979680df7841dd24181a463d942e6f7f81c5ddff22643045bb876"
"8388608","12","36","36","35","True","True","1.27677","1.283701","0.004362013628811317","1.017695","1.0199545","0.0019245655923894511","1.254570377175873","False","single-pass","512","2","8","256","4","HLSLPERF_ELEMENTS_PER_THREAD-4__HLSLPERF_GROUP_SIZE-256__HLSLPERF_SCAN_BACKEND-1__HLSLPERF_SINGLE_PASS_GROUPS-256__HLSLPERF_SINGLE_PASS_ITEMS_SCALE-4","HLSLPERF_ELEMENTS_PER_THREAD-2__HLSLPERF_GROUP_SIZE-512__HLSLPERF_SCAN_BACKEND-3__HLSLPERF_SINGLE_PASS_GROUPS-256__HLSLPERF_SINGLE_PASS_ITEMS_SCALE-4","b666adfa50b979680df7841dd24181a463d942e6f7f81c5ddff22643045bb876"
"8388608","16","36","36","35","True","True","1.66192","1.6684065","0.002991753703815202","1.31238","1.3192435","0.004336888776394473","1.2663405416114235","False","single-pass","512","2","8","256","4","HLSLPERF_ELEMENTS_PER_THREAD-4__HLSLPERF_GROUP_SIZE-256__HLSLPERF_SCAN_BACKEND-1__HLSLPERF_SINGLE_PASS_GROUPS-256__HLSLPERF_SINGLE_PASS_ITEMS_SCALE-4","HLSLPERF_ELEMENTS_PER_THREAD-2__HLSLPERF_GROUP_SIZE-512__HLSLPERF_SCAN_BACKEND-3__HLSLPERF_SINGLE_PASS_GROUPS-256__HLSLPERF_SINGLE_PASS_ITEMS_SCALE-4","b666adfa50b979680df7841dd24181a463d942e6f7f81c5ddff22643045bb876"
"8388608","24","36","36","34","True","True","2.43403","2.4481155","0.003502381389115696","1.91677","1.9256965","0.003938198949882706","1.2698602336221871","False","single-pass","512","2","8","256","4","HLSLPERF_ELEMENTS_PER_THREAD-4__HLSLPERF_GROUP_SIZE-256__HLSLPERF_SCAN_BACKEND-1__HLSLPERF_SINGLE_PASS_GROUPS-256__HLSLPERF_SINGLE_PASS_ITEMS_SCALE-4","HLSLPERF_ELEMENTS_PER_THREAD-2__HLSLPERF_GROUP_SIZE-512__HLSLPERF_SCAN_BACKEND-3__HLSLPERF_SINGLE_PASS_GROUPS-256__HLSLPERF_SINGLE_PASS_ITEMS_SCALE-4","b666adfa50b979680df7841dd24181a463d942e6f7f81c5ddff22643045bb876"
"12582912","1","36","36","36","True","True","0.3478525","0.35895525","0.016623163830664256","0.2829175","0.287757","0.011683618648732907","1.2295192061289952","False","single-pass","512","2","8","256","4","HLSLPERF_ELEMENTS_PER_THREAD-4__HLSLPERF_GROUP_SIZE-256__HLSLPERF_SCAN_BACKEND-1__HLSLPERF_SINGLE_PASS_GROUPS-256__HLSLPERF_SINGLE_PASS_ITEMS_SCALE-4","HLSLPERF_ELEMENTS_PER_THREAD-2__HLSLPERF_GROUP_SIZE-512__HLSLPERF_SCAN_BACKEND-3__HLSLPERF_SINGLE_PASS_GROUPS-256__HLSLPERF_SINGLE_PASS_ITEMS_SCALE-4","fd1447279f4dbd44fbafbdfc2bb276d483a425e21858edc70cab202d051dedb8"
"12582912","4","36","36","34","True","True","1.0928575","1.0970855000000002","0.0022520216606205044","0.81211","0.8201675","0.004300623942607034","1.3457013212495845","False","single-pass","512","2","8","256","4","HLSLPERF_ELEMENTS_PER_THREAD-4__HLSLPERF_GROUP_SIZE-256__HLSLPERF_SCAN_BACKEND-1__HLSLPERF_SINGLE_PASS_GROUPS-256__HLSLPERF_SINGLE_PASS_ITEMS_SCALE-4","HLSLPERF_ELEMENTS_PER_THREAD-2__HLSLPERF_GROUP_SIZE-512__HLSLPERF_SCAN_BACKEND-3__HLSLPERF_SINGLE_PASS_GROUPS-256__HLSLPERF_SINGLE_PASS_ITEMS_SCALE-4","fd1447279f4dbd44fbafbdfc2bb276d483a425e21858edc70cab202d051dedb8"
"12582912","8","36","36","36","True","True","2.105765","2.1152405","0.0024565922870294524","1.52568","1.53893","0.005544817460877195","1.3802140684809396","False","single-pass","512","2","8","256","4","HLSLPERF_ELEMENTS_PER_THREAD-4__HLSLPERF_GROUP_SIZE-256__HLSLPERF_SCAN_BACKEND-1__HLSLPERF_SINGLE_PASS_GROUPS-256__HLSLPERF_SINGLE_PASS_ITEMS_SCALE-4","HLSLPERF_ELEMENTS_PER_THREAD-2__HLSLPERF_GROUP_SIZE-512__HLSLPERF_SCAN_BACKEND-3__HLSLPERF_SINGLE_PASS_GROUPS-256__HLSLPERF_SINGLE_PASS_ITEMS_SCALE-4","fd1447279f4dbd44fbafbdfc2bb276d483a425e21858edc70cab202d051dedb8"
"12582912","12","36","36","36","True","True","3.10688","3.128488","0.0038267763218830606","2.235755","2.27296","0.007999128430827162","1.3896334795181045","False","single-pass","512","2","8","256","4","HLSLPERF_ELEMENTS_PER_THREAD-4__HLSLPERF_GROUP_SIZE-256__HLSLPERF_SCAN_BACKEND-1__HLSLPERF_SINGLE_PASS_GROUPS-256__HLSLPERF_SINGLE_PASS_ITEMS_SCALE-4","HLSLPERF_ELEMENTS_PER_THREAD-2__HLSLPERF_GROUP_SIZE-512__HLSLPERF_SCAN_BACKEND-3__HLSLPERF_SINGLE_PASS_GROUPS-256__HLSLPERF_SINGLE_PASS_ITEMS_SCALE-4","fd1447279f4dbd44fbafbdfc2bb276d483a425e21858edc70cab202d051dedb8"
"12582912","16","36","36","36","True","True","4.10606","4.121076","0.002534384914668331","2.92525","2.990832","0.009711088180543944","1.403661225536279","False","single-pass","512","2","8","256","4","HLSLPERF_ELEMENTS_PER_THREAD-4__HLSLPERF_GROUP_SIZE-256__HLSLPERF_SCAN_BACKEND-1__HLSLPERF_SINGLE_PASS_GROUPS-256__HLSLPERF_SINGLE_PASS_ITEMS_SCALE-4","HLSLPERF_ELEMENTS_PER_THREAD-2__HLSLPERF_GROUP_SIZE-512__HLSLPERF_SCAN_BACKEND-3__HLSLPERF_SINGLE_PASS_GROUPS-256__HLSLPERF_SINGLE_PASS_ITEMS_SCALE-4","fd1447279f4dbd44fbafbdfc2bb276d483a425e21858edc70cab202d051dedb8"
"12582912","24","36","36","36","True","True","6.10832","6.142726","0.0027706474017321187","4.3653","4.390152","0.004416446838978204","1.3992898540764664","False","single-pass","512","2","8","256","4","HLSLPERF_ELEMENTS_PER_THREAD-4__HLSLPERF_GROUP_SIZE-256__HLSLPERF_SCAN_BACKEND-1__HLSLPERF_SINGLE_PASS_GROUPS-256__HLSLPERF_SINGLE_PASS_ITEMS_SCALE-4","HLSLPERF_ELEMENTS_PER_THREAD-2__HLSLPERF_GROUP_SIZE-512__HLSLPERF_SCAN_BACKEND-3__HLSLPERF_SINGLE_PASS_GROUPS-256__HLSLPERF_SINGLE_PASS_ITEMS_SCALE-4","fd1447279f4dbd44fbafbdfc2bb276d483a425e21858edc70cab202d051dedb8"
"16777216","1","36","36","36","True","True","0.562135","0.568898","0.007813987775854759","0.3368975","0.34151225","0.007207013809599835","1.6685638807055558","False","single-pass","512","2","8","256","4","HLSLPERF_ELEMENTS_PER_THREAD-4__HLSLPERF_GROUP_SIZE-256__HLSLPERF_SCAN_BACKEND-1__HLSLPERF_SINGLE_PASS_GROUPS-256__HLSLPERF_SINGLE_PASS_ITEMS_SCALE-4","HLSLPERF_ELEMENTS_PER_THREAD-2__HLSLPERF_GROUP_SIZE-512__HLSLPERF_SCAN_BACKEND-3__HLSLPERF_SINGLE_PASS_GROUPS-256__HLSLPERF_SINGLE_PASS_ITEMS_SCALE-4","7eac17428d6d0bd0f050ddf39de069e32cf2ed51479ecb06b4d340dc79766409"
"16777216","4","36","36","36","True","True","1.91842","1.930177","0.004236975692126767","1.037095","1.04565275","0.005082336855047092","1.8498016093029084","False","single-pass","512","2","8","256","4","HLSLPERF_ELEMENTS_PER_THREAD-4__HLSLPERF_GROUP_SIZE-256__HLSLPERF_SCAN_BACKEND-1__HLSLPERF_SINGLE_PASS_GROUPS-256__HLSLPERF_SINGLE_PASS_ITEMS_SCALE-4","HLSLPERF_ELEMENTS_PER_THREAD-2__HLSLPERF_GROUP_SIZE-512__HLSLPERF_SCAN_BACKEND-3__HLSLPERF_SINGLE_PASS_GROUPS-256__HLSLPERF_SINGLE_PASS_ITEMS_SCALE-4","7eac17428d6d0bd0f050ddf39de069e32cf2ed51479ecb06b4d340dc79766409"
"16777216","8","36","36","36","True","True","3.7291","3.7537860000000003","0.0038155267172922565","1.95817","1.962537","0.0014999351872433937","1.9043801100006639","False","single-pass","512","2","8","256","4","HLSLPERF_ELEMENTS_PER_THREAD-4__HLSLPERF_GROUP_SIZE-256__HLSLPERF_SCAN_BACKEND-1__HLSLPERF_SINGLE_PASS_GROUPS-256__HLSLPERF_SINGLE_PASS_ITEMS_SCALE-4","HLSLPERF_ELEMENTS_PER_THREAD-2__HLSLPERF_GROUP_SIZE-512__HLSLPERF_SCAN_BACKEND-3__HLSLPERF_SINGLE_PASS_GROUPS-256__HLSLPERF_SINGLE_PASS_ITEMS_SCALE-4","7eac17428d6d0bd0f050ddf39de069e32cf2ed51479ecb06b4d340dc79766409"
"16777216","12","36","36","36","True","True","5.546","5.581616","0.004341901327230114","2.89878","2.907024","0.003936378679983896","1.9132186644036457","False","single-pass","512","2","8","256","4","HLSLPERF_ELEMENTS_PER_THREAD-4__HLSLPERF_GROUP_SIZE-256__HLSLPERF_SCAN_BACKEND-1__HLSLPERF_SINGLE_PASS_GROUPS-256__HLSLPERF_SINGLE_PASS_ITEMS_SCALE-4","HLSLPERF_ELEMENTS_PER_THREAD-2__HLSLPERF_GROUP_SIZE-512__HLSLPERF_SCAN_BACKEND-3__HLSLPERF_SINGLE_PASS_GROUPS-256__HLSLPERF_SINGLE_PASS_ITEMS_SCALE-4","7eac17428d6d0bd0f050ddf39de069e32cf2ed51479ecb06b4d340dc79766409"
"16777216","16","36","36","36","True","True","7.36538","7.414766","0.0033074533159976223","3.81177","3.818679","0.0009935796148853825","1.9322729335715427","False","single-pass","512","2","8","256","4","HLSLPERF_ELEMENTS_PER_THREAD-4__HLSLPERF_GROUP_SIZE-256__HLSLPERF_SCAN_BACKEND-1__HLSLPERF_SINGLE_PASS_GROUPS-256__HLSLPERF_SINGLE_PASS_ITEMS_SCALE-4","HLSLPERF_ELEMENTS_PER_THREAD-2__HLSLPERF_GROUP_SIZE-512__HLSLPERF_SCAN_BACKEND-3__HLSLPERF_SINGLE_PASS_GROUPS-256__HLSLPERF_SINGLE_PASS_ITEMS_SCALE-4","7eac17428d6d0bd0f050ddf39de069e32cf2ed51479ecb06b4d340dc79766409"
"16777216","17","36","36","36","True","True","7.84082","7.892875999999999","0.005086754889783422","4.04363","4.048348","0.001351463724210179","1.9390547602030848","False","single-pass","512","2","8","256","4","HLSLPERF_ELEMENTS_PER_THREAD-4__HLSLPERF_GROUP_SIZE-256__HLSLPERF_SCAN_BACKEND-1__HLSLPERF_SINGLE_PASS_GROUPS-256__HLSLPERF_SINGLE_PASS_ITEMS_SCALE-4","HLSLPERF_ELEMENTS_PER_THREAD-2__HLSLPERF_GROUP_SIZE-512__HLSLPERF_SCAN_BACKEND-3__HLSLPERF_SINGLE_PASS_GROUPS-256__HLSLPERF_SINGLE_PASS_ITEMS_SCALE-4","7eac17428d6d0bd0f050ddf39de069e32cf2ed51479ecb06b4d340dc79766409"
"16777216","18","36","36","36","True","True","8.26458","8.394250000000001","0.008101177983476749","4.2759","4.283708","0.00134758970188445","1.9328281765242405","False","single-pass","512","2","8","256","4","HLSLPERF_ELEMENTS_PER_THREAD-4__HLSLPERF_GROUP_SIZE-256__HLSLPERF_SCAN_BACKEND-1__HLSLPERF_SINGLE_PASS_GROUPS-256__HLSLPERF_SINGLE_PASS_ITEMS_SCALE-4","HLSLPERF_ELEMENTS_PER_THREAD-2__HLSLPERF_GROUP_SIZE-512__HLSLPERF_SCAN_BACKEND-3__HLSLPERF_SINGLE_PASS_GROUPS-256__HLSLPERF_SINGLE_PASS_ITEMS_SCALE-4","7eac17428d6d0bd0f050ddf39de069e32cf2ed51479ecb06b4d340dc79766409"
"16777216","19","36","36","36","True","True","8.72236","8.779984","0.004232015605677892","4.50831","4.5250189999999995","0.001676748110505351","1.9347294218897992","False","single-pass","512","2","8","256","4","HLSLPERF_ELEMENTS_PER_THREAD-4__HLSLPERF_GROUP_SIZE-256__HLSLPERF_SCAN_BACKEND-1__HLSLPERF_SINGLE_PASS_GROUPS-256__HLSLPERF_SINGLE_PASS_ITEMS_SCALE-4","HLSLPERF_ELEMENTS_PER_THREAD-2__HLSLPERF_GROUP_SIZE-512__HLSLPERF_SCAN_BACKEND-3__HLSLPERF_SINGLE_PASS_GROUPS-256__HLSLPERF_SINGLE_PASS_ITEMS_SCALE-4","7eac17428d6d0bd0f050ddf39de069e32cf2ed51479ecb06b4d340dc79766409"
"16777216","20","36","36","36","True","True","9.1651","9.20748","0.002471120631428311","4.73954","4.745958","0.001155561785759371","1.9337530646434045","False","single-pass","512","2","8","256","4","HLSLPERF_ELEMENTS_PER_THREAD-4__HLSLPERF_GROUP_SIZE-256__HLSLPERF_SCAN_BACKEND-1__HLSLPERF_SINGLE_PASS_GROUPS-256__HLSLPERF_SINGLE_PASS_ITEMS_SCALE-4","HLSLPERF_ELEMENTS_PER_THREAD-2__HLSLPERF_GROUP_SIZE-512__HLSLPERF_SCAN_BACKEND-3__HLSLPERF_SINGLE_PASS_GROUPS-256__HLSLPERF_SINGLE_PASS_ITEMS_SCALE-4","7eac17428d6d0bd0f050ddf39de069e32cf2ed51479ecb06b4d340dc79766409"
"16777216","21","36","36","36","True","True","9.6262","9.68852","0.0031325483823461437","4.97063","4.980855999999999","0.001306487885156744","1.9366156805073","False","single-pass","512","2","8","256","4","HLSLPERF_ELEMENTS_PER_THREAD-4__HLSLPERF_GROUP_SIZE-256__HLSLPERF_SCAN_BACKEND-1__HLSLPERF_SINGLE_PASS_GROUPS-256__HLSLPERF_SINGLE_PASS_ITEMS_SCALE-4","HLSLPERF_ELEMENTS_PER_THREAD-2__HLSLPERF_GROUP_SIZE-512__HLSLPERF_SCAN_BACKEND-3__HLSLPERF_SINGLE_PASS_GROUPS-256__HLSLPERF_SINGLE_PASS_ITEMS_SCALE-4","7eac17428d6d0bd0f050ddf39de069e32cf2ed51479ecb06b4d340dc79766409"
"16777216","22","36","36","36","True","True","10.0444","10.125048","0.00444019463962997","5.2045","5.23721","0.004605906677959936","1.9299452396964163","False","single-pass","512","2","8","256","4","HLSLPERF_ELEMENTS_PER_THREAD-4__HLSLPERF_GROUP_SIZE-256__HLSLPERF_SCAN_BACKEND-1__HLSLPERF_SINGLE_PASS_GROUPS-256__HLSLPERF_SINGLE_PASS_ITEMS_SCALE-4","HLSLPERF_ELEMENTS_PER_THREAD-2__HLSLPERF_GROUP_SIZE-512__HLSLPERF_SCAN_BACKEND-3__HLSLPERF_SINGLE_PASS_GROUPS-256__HLSLPERF_SINGLE_PASS_ITEMS_SCALE-4","7eac17428d6d0bd0f050ddf39de069e32cf2ed51479ecb06b4d340dc79766409"
"16777216","23","36","36","36","True","True","10.56224","10.620111999999999","0.0038107144432123286","5.42718","5.449984","0.0034567695838684993","1.946174624759083","False","single-pass","512","2","8","256","4","HLSLPERF_ELEMENTS_PER_THREAD-4__HLSLPERF_GROUP_SIZE-256__HLSLPERF_SCAN_BACKEND-1__HLSLPERF_SINGLE_PASS_GROUPS-256__HLSLPERF_SINGLE_PASS_ITEMS_SCALE-4","HLSLPERF_ELEMENTS_PER_THREAD-2__HLSLPERF_GROUP_SIZE-512__HLSLPERF_SCAN_BACKEND-3__HLSLPERF_SINGLE_PASS_GROUPS-256__HLSLPERF_SINGLE_PASS_ITEMS_SCALE-4","7eac17428d6d0bd0f050ddf39de069e32cf2ed51479ecb06b4d340dc79766409"
"16777216","24","36","36","36","True","True","10.99124","11.07216","0.005170328831610712","5.67276","5.7006499999999996","0.002999298278323735","1.9375471551766688","False","single-pass","512","2","8","256","4","HLSLPERF_ELEMENTS_PER_THREAD-4__HLSLPERF_GROUP_SIZE-256__HLSLPERF_SCAN_BACKEND-1__HLSLPERF_SINGLE_PASS_GROUPS-256__HLSLPERF_SINGLE_PASS_ITEMS_SCALE-4","HLSLPERF_ELEMENTS_PER_THREAD-2__HLSLPERF_GROUP_SIZE-512__HLSLPERF_SCAN_BACKEND-3__HLSLPERF_SINGLE_PASS_GROUPS-256__HLSLPERF_SINGLE_PASS_ITEMS_SCALE-4","7eac17428d6d0bd0f050ddf39de069e32cf2ed51479ecb06b4d340dc79766409"
"25165824","1","36","36","36","True","True","0.8119175","0.81645075","0.002965587571279556","0.4511475","0.45642675","0.0070750017594283805","1.7996719476446172","False","single-pass","512","2","8","256","4","HLSLPERF_ELEMENTS_PER_THREAD-4__HLSLPERF_GROUP_SIZE-256__HLSLPERF_SCAN_BACKEND-1__HLSLPERF_SINGLE_PASS_GROUPS-256__HLSLPERF_SINGLE_PASS_ITEMS_SCALE-4","HLSLPERF_ELEMENTS_PER_THREAD-2__HLSLPERF_GROUP_SIZE-512__HLSLPERF_SCAN_BACKEND-3__HLSLPERF_SINGLE_PASS_GROUPS-256__HLSLPERF_SINGLE_PASS_ITEMS_SCALE-4","a019ae9ef60e34b0d2aa0a4585b60f8b45cf07bac1aa8e99f4e56d1a08374c0e"
"25165824","4","36","36","36","True","True","2.92238","2.929532","0.0020767559954194053","1.48177","1.4893185","0.002654927692953773","1.9722224096857137","False","single-pass","512","2","8","256","4","HLSLPERF_ELEMENTS_PER_THREAD-4__HLSLPERF_GROUP_SIZE-256__HLSLPERF_SCAN_BACKEND-1__HLSLPERF_SINGLE_PASS_GROUPS-256__HLSLPERF_SINGLE_PASS_ITEMS_SCALE-4","HLSLPERF_ELEMENTS_PER_THREAD-2__HLSLPERF_GROUP_SIZE-512__HLSLPERF_SCAN_BACKEND-3__HLSLPERF_SINGLE_PASS_GROUPS-256__HLSLPERF_SINGLE_PASS_ITEMS_SCALE-4","a019ae9ef60e34b0d2aa0a4585b60f8b45cf07bac1aa8e99f4e56d1a08374c0e"
"25165824","8","36","36","36","True","True","5.7465","5.787032","0.004645759678337782","2.85413","2.863282","0.0019164930075962056","2.0133981283263203","False","single-pass","512","2","8","256","4","HLSLPERF_ELEMENTS_PER_THREAD-4__HLSLPERF_GROUP_SIZE-256__HLSLPERF_SCAN_BACKEND-1__HLSLPERF_SINGLE_PASS_GROUPS-256__HLSLPERF_SINGLE_PASS_ITEMS_SCALE-4","HLSLPERF_ELEMENTS_PER_THREAD-2__HLSLPERF_GROUP_SIZE-512__HLSLPERF_SCAN_BACKEND-3__HLSLPERF_SINGLE_PASS_GROUPS-256__HLSLPERF_SINGLE_PASS_ITEMS_SCALE-4","a019ae9ef60e34b0d2aa0a4585b60f8b45cf07bac1aa8e99f4e56d1a08374c0e"
"25165824","9","36","36","36","True","True","6.43214","6.458506","0.0030753281784326905","3.20148","3.2097860000000003","0.0024129405567549058","2.009114534527781","False","single-pass","512","2","8","256","4","HLSLPERF_ELEMENTS_PER_THREAD-4__HLSLPERF_GROUP_SIZE-256__HLSLPERF_SCAN_BACKEND-1__HLSLPERF_SINGLE_PASS_GROUPS-256__HLSLPERF_SINGLE_PASS_ITEMS_SCALE-4","HLSLPERF_ELEMENTS_PER_THREAD-2__HLSLPERF_GROUP_SIZE-512__HLSLPERF_SCAN_BACKEND-3__HLSLPERF_SINGLE_PASS_GROUPS-256__HLSLPERF_SINGLE_PASS_ITEMS_SCALE-4","a019ae9ef60e34b0d2aa0a4585b60f8b45cf07bac1aa8e99f4e56d1a08374c0e"
"25165824","10","36","36","36","True","True","7.12638","7.159034","0.002284512291023265","3.55169","3.597265","0.0054690069843951195","2.006475790398374","False","single-pass","512","2","8","256","4","HLSLPERF_ELEMENTS_PER_THREAD-4__HLSLPERF_GROUP_SIZE-256__HLSLPERF_SCAN_BACKEND-1__HLSLPERF_SINGLE_PASS_GROUPS-256__HLSLPERF_SINGLE_PASS_ITEMS_SCALE-4","HLSLPERF_ELEMENTS_PER_THREAD-2__HLSLPERF_GROUP_SIZE-512__HLSLPERF_SCAN_BACKEND-3__HLSLPERF_SINGLE_PASS_GROUPS-256__HLSLPERF_SINGLE_PASS_ITEMS_SCALE-4","a019ae9ef60e34b0d2aa0a4585b60f8b45cf07bac1aa8e99f4e56d1a08374c0e"
"25165824","11","36","36","36","True","True","7.84062","7.874212","0.0023645434928312825","3.90519","4.016846","0.010660615944395341","2.007743541287364","False","single-pass","512","2","8","256","4","HLSLPERF_ELEMENTS_PER_THREAD-4__HLSLPERF_GROUP_SIZE-256__HLSLPERF_SCAN_BACKEND-1__HLSLPERF_SINGLE_PASS_GROUPS-256__HLSLPERF_SINGLE_PASS_ITEMS_SCALE-4","HLSLPERF_ELEMENTS_PER_THREAD-2__HLSLPERF_GROUP_SIZE-512__HLSLPERF_SCAN_BACKEND-3__HLSLPERF_SINGLE_PASS_GROUPS-256__HLSLPERF_SINGLE_PASS_ITEMS_SCALE-4","a019ae9ef60e34b0d2aa0a4585b60f8b45cf07bac1aa8e99f4e56d1a08374c0e"
"25165824","12","36","36","36","True","True","8.57378","8.605623999999999","0.003122664724274554","4.22942","4.242336","0.0017928684648549377","2.027176303133763","False","single-pass","512","2","8","256","4","HLSLPERF_ELEMENTS_PER_THREAD-4__HLSLPERF_GROUP_SIZE-256__HLSLPERF_SCAN_BACKEND-1__HLSLPERF_SINGLE_PASS_GROUPS-256__HLSLPERF_SINGLE_PASS_ITEMS_SCALE-4","HLSLPERF_ELEMENTS_PER_THREAD-2__HLSLPERF_GROUP_SIZE-512__HLSLPERF_SCAN_BACKEND-3__HLSLPERF_SINGLE_PASS_GROUPS-256__HLSLPERF_SINGLE_PASS_ITEMS_SCALE-4","a019ae9ef60e34b0d2aa0a4585b60f8b45cf07bac1aa8e99f4e56d1a08374c0e"
"25165824","16","36","36","36","True","True","11.39548","11.505968","0.004822033001212543","5.61512","5.6525","0.004362533583189144","2.0294276880992745","False","single-pass","512","2","8","256","4","HLSLPERF_ELEMENTS_PER_THREAD-4__HLSLPERF_GROUP_SIZE-256__HLSLPERF_SCAN_BACKEND-1__HLSLPERF_SINGLE_PASS_GROUPS-256__HLSLPERF_SINGLE_PASS_ITEMS_SCALE-4","HLSLPERF_ELEMENTS_PER_THREAD-2__HLSLPERF_GROUP_SIZE-512__HLSLPERF_SCAN_BACKEND-3__HLSLPERF_SINGLE_PASS_GROUPS-256__HLSLPERF_SINGLE_PASS_ITEMS_SCALE-4","a019ae9ef60e34b0d2aa0a4585b60f8b45cf07bac1aa8e99f4e56d1a08374c0e"
"25165824","24","36","36","36","True","True","16.99052","17.078684","0.003073167084187873","8.38168","8.551152","0.00958880103498012","2.0271019652384727","False","single-pass","512","2","8","256","4","HLSLPERF_ELEMENTS_PER_THREAD-4__HLSLPERF_GROUP_SIZE-256__HLSLPERF_SCAN_BACKEND-1__HLSLPERF_SINGLE_PASS_GROUPS-256__HLSLPERF_SINGLE_PASS_ITEMS_SCALE-4","HLSLPERF_ELEMENTS_PER_THREAD-2__HLSLPERF_GROUP_SIZE-512__HLSLPERF_SCAN_BACKEND-3__HLSLPERF_SINGLE_PASS_GROUPS-256__HLSLPERF_SINGLE_PASS_ITEMS_SCALE-4","a019ae9ef60e34b0d2aa0a4585b60f8b45cf07bac1aa8e99f4e56d1a08374c0e"
