stage,tag,count,operation,arm,repeat,meanMs,p50Ms,p95Ms,maxMs,withinProcessCv,startedUtc,finishedUtc,logSha256
pilot-01,n67108864-r01-inclusive-rts,67108864,inclusive,rts,1,0.9736544,0.904128,1.6805248,1.918624,0.227013718770879,2026-10-06T01:51:38.230955+00:00,2026-10-06T01:51:38.989432+00:00,992c1efb729913d97a5027aadc6c19aca1f76b9812e7b8be061ec504b32a3b67
pilot-01,n67108864-r01-inclusive-tile-fused,67108864,inclusive,tile-fused,1,0.74721728,0.734096,0.7358512,1.501184,0.12577284263465296,2026-10-06T01:51:39.217849+00:00,2026-10-06T01:51:39.975749+00:00,b67cbf2ef7358960f74168adb43244b7dc9e4b9fae939f2a297d71df45e44625
pilot-01,n67108864-r01-exclusive-rts,67108864,exclusive,rts,1,0.92716864,0.904384,0.931848,1.698624,0.12578984379358077,2026-10-06T01:51:40.193430+00:00,2026-10-06T01:51:40.950226+00:00,387e132c0efa0ea197aa562b0ded7b484c0c40fd1170aa52033f648e2833b1a1
pilot-01,n67108864-r01-exclusive-tile-fused,67108864,exclusive,tile-fused,1,0.7481504,0.743152,0.745472,1.24672,0.06733449603408491,2026-10-06T01:51:41.173510+00:00,2026-10-06T01:51:41.930251+00:00,06624cf56494e7e29f91afba2f655bc40d73f727b1b255d2ad7c80f9562c6254
pilot-01,n134217728-r01-inclusive-rts,134217728,inclusive,rts,1,1.90876416,1.79032,2.5822192,2.77344,0.14916071531827907,2026-10-06T01:51:42.147153+00:00,2026-10-06T01:51:42.904743+00:00,db73bb43cf7ad54fc45e8040e42f8ff15e839f52245e4d1706d88210fccbb272
pilot-01,n134217728-r01-inclusive-tile-fused,134217728,inclusive,tile-fused,1,1.48243744,1.452032,1.4555695999999998,2.224192,0.1016785196828416,2026-10-06T01:51:43.129727+00:00,2026-10-06T01:51:44.136523+00:00,b5c10c77fe92846c93c8991727f3757f2e36fea5854f7fe8131803ccd6cf78d0
pilot-01,n134217728-r01-exclusive-rts,134217728,exclusive,rts,1,1.87152992,1.790608,2.56568,2.751552,0.12595709170850392,2026-10-06T01:51:44.355626+00:00,2026-10-06T01:51:45.119815+00:00,2bc952d0ecf8b48e27e3f6d715930273b7fb2e8fa3dadb10a51eabf68312ab54
pilot-01,n134217728-r01-exclusive-tile-fused,134217728,exclusive,tile-fused,1,1.51655296,1.470944,2.2211648,2.241408,0.11991496202999341,2026-10-06T01:51:45.349914+00:00,2026-10-06T01:51:46.106794+00:00,8b41f7616a88be1c69ccd62e488c09fc2b130fa6d8e23693e59a7f00d8dc32b1
pilot-01,n201326592-r01-inclusive-rts,201326592,inclusive,rts,1,2.84273856,2.689776,3.490328,3.668128,0.09634928991423167,2026-10-06T01:51:46.329058+00:00,2026-10-06T01:51:47.336041+00:00,5ad9b099de2ae0b4a6e0827a56bf1263bbc45135198542d91a565302e8769592
pilot-01,n201326592-r01-inclusive-tile-fused,201326592,inclusive,tile-fused,1,2.32790624,2.169776,2.9298928,2.936896,0.10202314415630853,2026-10-06T01:51:47.560638+00:00,2026-10-06T01:51:48.567565+00:00,9c15684fda2f4275b922f072af0ef9030e7b24653ff8538ed8b90bc9bc8872b7
pilot-01,n201326592-r01-exclusive-rts,201326592,exclusive,rts,1,2.75453952,2.6875999999999998,3.4415312,3.667328,0.07889868276474973,2026-10-06T01:51:48.774841+00:00,2026-10-06T01:51:49.784420+00:00,81d96e94f437989f5d1c89b9b1b96f4d0dd88e0dc353b4b1d56b04f742a5b4fd
pilot-01,n201326592-r01-exclusive-tile-fused,201326592,exclusive,tile-fused,1,2.28663232,2.1964,2.960992,2.973408,0.10274309001531282,2026-10-06T01:51:50.007646+00:00,2026-10-06T01:51:51.015318+00:00,800e6c7e11b157006c8af0eb085017073d5b43356b08b5ae4f06071cb701e13a
pilot-01,n268435456-r01-inclusive-rts,268435456,inclusive,rts,1,3.71728928,3.591488,4.343368,4.551936,0.0713499056033475,2026-10-06T01:51:51.238925+00:00,2026-10-06T01:51:52.568482+00:00,a7463b7a53fc572c83d4c444634f83555dc01f0a88763f4d9d150b5518545c5e
pilot-01,n268435456-r01-inclusive-tile-fused,268435456,inclusive,tile-fused,1,3.00186368,2.892512,3.6597968,3.667008,0.08871108434172689,2026-10-06T01:51:52.802628+00:00,2026-10-06T01:51:54.129034+00:00,bc050f53c79c92091ca44683923e67f69beb3e714205cb09e88f387c9992086f
pilot-01,n268435456-r01-exclusive-rts,268435456,exclusive,rts,1,3.69365056,3.597696,4.3468608,4.567328,0.07378486009684801,2026-10-06T01:51:54.347774+00:00,2026-10-06T01:51:55.676694+00:00,74bc1741c2a73d972e12d2848e3b52895f295e36bccd0445be3a2419abd7fb78
pilot-01,n268435456-r01-exclusive-tile-fused,268435456,exclusive,tile-fused,1,3.11062784,2.932528,3.690656,3.6952,0.07730071859744335,2026-10-06T01:51:55.906350+00:00,2026-10-06T01:51:57.245318+00:00,6326b569676660ce5a641628a45b9c2c32079d06818b157835600c1276472251
confirmation-01,n67108864-r01-inclusive-rts,67108864,inclusive,rts,1,0.95012288,0.9045920000000001,0.9731344,1.917056,0.2011042940509436,2026-10-06T01:52:24.940633+00:00,2026-10-06T01:52:25.698499+00:00,f0a67946b0e3a21268ce7064f45ceb4c9a646563fa47e180046a90cc6d08b8b9
confirmation-01,n67108864-r01-inclusive-tile-fused,67108864,inclusive,tile-fused,1,0.7550896,0.733472,0.7352816,1.503104,0.16456068191910492,2026-10-06T01:52:25.927966+00:00,2026-10-06T01:52:26.685035+00:00,250bbace900a2c77f3101642455087edc171db358b1a1b73d28b3d99647a0312
confirmation-01,n67108864-r01-exclusive-rts,67108864,exclusive,rts,1,0.92219488,0.898656,0.9271104,1.886656,0.13947479074953498,2026-10-06T01:52:26.920342+00:00,2026-10-06T01:52:27.677029+00:00,299d0fe483db16607c85ce4ed88ac36fea9d1dcc41aff28e312743932c6da241
confirmation-01,n67108864-r01-exclusive-tile-fused,67108864,exclusive,tile-fused,1,0.7660352,0.74248,0.7454192,1.511392,0.15615064330556513,2026-10-06T01:52:27.907643+00:00,2026-10-06T01:52:28.664523+00:00,491a4ee4d5f84977a163fe2621cbf91a8b9f7188adcc0c60c4b13598107889b5
confirmation-01,n67108864-r02-exclusive-tile-fused,67108864,exclusive,tile-fused,2,0.77275168,0.74288,0.7447312,1.510112,0.19108494560388894,2026-10-06T01:52:28.895521+00:00,2026-10-06T01:52:29.653045+00:00,9a69de83a4ffcdffc960e278fb5e4f5bb4bb496b50030ec0b75770b48c15dc64
confirmation-01,n67108864-r02-exclusive-rts,67108864,exclusive,rts,2,0.91550528,0.898352,0.9246544,1.868992,0.11876750991997312,2026-10-06T01:52:29.876887+00:00,2026-10-06T01:52:30.641989+00:00,940b3583587850beaa04ad5afa1826ada5a5b8cc64337dc4496e2162392de838
confirmation-01,n67108864-r02-inclusive-tile-fused,67108864,inclusive,tile-fused,2,0.7469504,0.733808,0.7360496,1.504544,0.12683204376469984,2026-10-06T01:52:30.875588+00:00,2026-10-06T01:52:31.633096+00:00,2d509a75f287d0bb0cd21ef89ce4ea664ac07591abd9817a0a721bd7b1a410a7
confirmation-01,n67108864-r02-inclusive-rts,67108864,inclusive,rts,2,0.93127648,0.89824,0.9457152,1.86432,0.15639976067766406,2026-10-06T01:52:31.861102+00:00,2026-10-06T01:52:32.618759+00:00,405b5157fe5cbedbbb60fc85d63565c14e342383e38b242c99df3273bf49a8d2
confirmation-01,n67108864-r03-inclusive-rts,67108864,inclusive,rts,3,0.95364896,0.898336,1.6644303999999999,1.70608,0.20872886972832796,2026-10-06T01:52:32.842558+00:00,2026-10-06T01:52:33.600326+00:00,53bd8fa2944437cb2c917ad6e7ba60997fe1477a5a7a5dedcb2cc8519953ba19
confirmation-01,n67108864-r03-inclusive-tile-fused,67108864,inclusive,tile-fused,3,0.74931232,0.733856,0.7361088,1.503232,0.14434690028348796,2026-10-06T01:52:33.830068+00:00,2026-10-06T01:52:34.587789+00:00,acb8e4e01193c05dd885fc0b956384c3125ac440c1417a8908c3429ed34dd791
confirmation-01,n67108864-r03-exclusive-rts,67108864,exclusive,rts,3,0.91543232,0.898352,0.9204496,1.66688,0.11786679073695838,2026-10-06T01:52:34.811143+00:00,2026-10-06T01:52:35.569111+00:00,b552d39b07d5e0ce4003bb5e45a2328a2a654d8693faa8797df0f0b6b256b5eb
confirmation-01,n67108864-r03-exclusive-tile-fused,67108864,exclusive,tile-fused,3,0.7656896,0.742784,0.7466944,1.52464,0.17024793803529692,2026-10-06T01:52:35.798593+00:00,2026-10-06T01:52:36.555948+00:00,be0e003131d03bfc6c7b19ccd3a63ddc152303a2c3ed7ecdf79e7e2f5b1a3bde
confirmation-01,n67108864-r04-exclusive-tile-fused,67108864,exclusive,tile-fused,4,0.81869984,0.794432,0.7969328,1.592992,0.15790784613112677,2026-10-06T01:52:36.792920+00:00,2026-10-06T01:52:37.550423+00:00,07a61c5ded3844e1e0b037d51d1ae7d942b9d0da8e2fe3b7227509eb3eb44e1c
confirmation-01,n67108864-r04-exclusive-rts,67108864,exclusive,rts,4,0.93052416,0.898336,0.9278128,1.68448,0.1577287006244058,2026-10-06T01:52:37.789986+00:00,2026-10-06T01:52:38.547634+00:00,49c1c1ee00804f9287dfa2ed9b49d6e3d489774573cc3c7aae42323a85d8914d
confirmation-01,n67108864-r04-inclusive-tile-fused,67108864,inclusive,tile-fused,4,0.7493184,0.733904,0.7362672,1.510624,0.14481368508697479,2026-10-06T01:52:38.776026+00:00,2026-10-06T01:52:39.533149+00:00,b00315bab8932775f105ffef755e50feca0153cde73bf69213b5f7e6902c9e44
confirmation-01,n67108864-r04-inclusive-rts,67108864,inclusive,rts,4,0.92725088,0.904864,0.93236,1.72816,0.12638731505913653,2026-10-06T01:52:39.760958+00:00,2026-10-06T01:52:40.518447+00:00,e345b2f6502c2f6318aa2a18e0fe25f112d078decde9105aca12b1399bda1688
confirmation-01,n67108864-r05-inclusive-rts,67108864,inclusive,rts,5,0.96674304,0.8984,1.6678944,1.874848,0.22896156339354898,2026-10-06T01:52:40.767570+00:00,2026-10-06T01:52:41.524755+00:00,d9836fc1c588a114da27810163eb50f869ec5badad4fa6f132ddf7668b9b9938
confirmation-01,n67108864-r05-inclusive-tile-fused,67108864,inclusive,tile-fused,5,0.7783792,0.733968,1.4029536,1.5128,0.2275072389404511,2026-10-06T01:52:41.757866+00:00,2026-10-06T01:52:42.515913+00:00,4a649cec07824bd8206d6f40e103d2320abd31cf8d5af79043ec2cb2da689ba0
confirmation-01,n67108864-r05-exclusive-rts,67108864,exclusive,rts,5,0.93415168,0.898128,1.1405632,1.666112,0.15432183160099086,2026-10-06T01:52:42.765640+00:00,2026-10-06T01:52:43.523990+00:00,d57406642b7953ef0918a972c564e26cb4bb1b4caa4022b8357593876f488d39
confirmation-01,n67108864-r05-exclusive-tile-fused,67108864,exclusive,tile-fused,5,0.76559008,0.742624,0.7451088,1.523328,0.17155794202164823,2026-10-06T01:52:43.754363+00:00,2026-10-06T01:52:44.511196+00:00,569d1f411e53ba5cf38d614d69b9f8513ab18f6ab97a2aa9ea3959699174fdb0
confirmation-01,n67108864-r06-exclusive-tile-fused,67108864,exclusive,tile-fused,6,0.77142432,0.7427520000000001,0.7452768000000001,1.508576,0.18368038732267486,2026-10-06T01:52:44.732366+00:00,2026-10-06T01:52:45.489850+00:00,6e0db026cac9e3e535a4be9aadc8ef055a12899fa18fb8b7c12ce940adabd339
confirmation-01,n67108864-r06-exclusive-rts,67108864,exclusive,rts,6,0.92050656,0.8984,0.9247632,1.893664,0.1376251803501033,2026-10-06T01:52:45.720029+00:00,2026-10-06T01:52:46.477005+00:00,95113d490ee230bf750a0c4c7572a426d6b4f922d7b5a60fe65fa737d891a6dc
confirmation-01,n67108864-r06-inclusive-tile-fused,67108864,inclusive,tile-fused,6,0.74909728,0.733744,0.7361616000000001,1.507712,0.1453110840806134,2026-10-06T01:52:46.697886+00:00,2026-10-06T01:52:47.455198+00:00,9b023133872463e463785de29ceaae62a8d0728c5f7d39b956adff150e4981c6
confirmation-01,n67108864-r06-inclusive-rts,67108864,inclusive,rts,6,0.92250368,0.898416,0.9264976,1.6496,0.13575795792530695,2026-10-06T01:52:47.686439+00:00,2026-10-06T01:52:48.443607+00:00,469443c0a6218fa3c14e9bf6bb9059352f145adf327aaa78d9f78470b3f6df5a
confirmation-01,n134217728-r01-inclusive-rts,134217728,inclusive,rts,1,1.89892864,1.790672,2.5805008,2.761664,0.14490978833344847,2026-10-06T01:52:48.676154+00:00,2026-10-06T01:52:49.434324+00:00,f6459da8c6352115994b50934738b46f172bced34f14596593e77b66faf52ab4
confirmation-01,n134217728-r01-inclusive-tile-fused,134217728,inclusive,tile-fused,1,1.50235328,1.451696,2.21584,2.228832,0.12529959896570672,2026-10-06T01:52:49.660370+00:00,2026-10-06T01:52:50.667614+00:00,15b8b31ccaf6930a5b7d53cbf2758f5396dc13be02774e0ef9218e45bab0b467
confirmation-01,n134217728-r01-exclusive-rts,134217728,exclusive,rts,1,1.86662816,1.790336,2.5562272,2.754848,0.12131316851801231,2026-10-06T01:52:50.905118+00:00,2026-10-06T01:52:51.662887+00:00,bc595929fd23c7d3ab913d98858c678ed6ba6315d3b6470520b5c5050187e9fe
confirmation-01,n134217728-r01-exclusive-tile-fused,134217728,exclusive,tile-fused,1,1.50648768,1.470416,1.5030320000000001,2.23616,0.10568391493447733,2026-10-06T01:52:51.880267+00:00,2026-10-06T01:52:52.888200+00:00,5cbcc793ee54df967f426085ab92a0bec95d03e663fdf0e4b07074143564e19f
confirmation-01,n134217728-r02-exclusive-tile-fused,134217728,exclusive,tile-fused,2,1.5088528,1.4705759999999999,1.5125024,2.246848,0.11110591660277533,2026-10-06T01:52:53.115242+00:00,2026-10-06T01:52:54.123939+00:00,b28b78da3ff563428cf87030fff53cc0bbec5c37a561e0451943d9020acbbdc6
confirmation-01,n134217728-r02-exclusive-rts,134217728,exclusive,rts,2,1.843744,1.7907359999999999,2.3261648,2.775232,0.10428833396792636,2026-10-06T01:52:54.358967+00:00,2026-10-06T01:52:55.116461+00:00,dea85bcfa5eb2914175a3fe50cc9f8ad26d248e080f16cdce4ee783ba1ea3dea
confirmation-01,n134217728-r02-inclusive-tile-fused,134217728,inclusive,tile-fused,2,1.52511808,1.4519199999999999,2.2181472,2.2208,0.1466002711475363,2026-10-06T01:52:55.350698+00:00,2026-10-06T01:52:56.358427+00:00,86cf0e0c1ef286c50a01d55ce3fca66fa6c89db36a8f91c4e9e1b8216eecaa96
confirmation-01,n134217728-r02-inclusive-rts,134217728,inclusive,rts,2,1.85764512,1.79056,2.5538976,2.758816,0.11892467311458521,2026-10-06T01:52:56.606882+00:00,2026-10-06T01:52:57.364820+00:00,ee61827a48913d8e1d4bbca17d8b7f231a77eee08ee2dd6e2830058400b33c1b
confirmation-01,n134217728-r03-inclusive-rts,134217728,inclusive,rts,3,1.88351392,1.7905760000000002,2.5559567999999997,2.770368,0.13216086515417186,2026-10-06T01:52:57.595197+00:00,2026-10-06T01:52:58.352570+00:00,c5f718fe33718a6cdc92e3f21b59dadbd9f997a1ff7e7dc18b4128c4c2971e55
confirmation-01,n134217728-r03-inclusive-tile-fused,134217728,inclusive,tile-fused,3,1.49840128,1.45208,2.2136176,2.238752,0.12286388575403848,2026-10-06T01:52:58.576365+00:00,2026-10-06T01:52:59.584841+00:00,667f6fa85b9f509b30154076b6d783324e9d08a1866aa826800a950b98565f58
confirmation-01,n134217728-r03-exclusive-rts,134217728,exclusive,rts,3,1.84983392,1.790384,2.4591567999999997,2.806272,0.10655401497423175,2026-10-06T01:52:59.814643+00:00,2026-10-06T01:53:00.572612+00:00,ef6bf16931f9048f6faa9cd37068a1c48950065b6ed7dd092bc6f792b7adbd7d
confirmation-01,n134217728-r03-exclusive-tile-fused,134217728,exclusive,tile-fused,3,1.49363008,1.470512,1.472688,2.244,0.08843837965250913,2026-10-06T01:53:00.804129+00:00,2026-10-06T01:53:01.811309+00:00,1698f79c1aa796eb0708fd072e3800493f785173e432e55ccb6d8786088bd314
confirmation-01,n134217728-r04-exclusive-tile-fused,134217728,exclusive,tile-fused,4,1.5086528,1.470368,1.5119328,2.241952,0.11125713971879914,2026-10-06T01:53:02.052868+00:00,2026-10-06T01:53:03.061695+00:00,f06899655acf0a2119ced2b1045474e212ff165c720dc4d5b2461028fe3f53ce
confirmation-01,n134217728-r04-exclusive-rts,134217728,exclusive,rts,4,1.84698432,1.790176,2.539184,2.742688,0.10732255937432297,2026-10-06T01:53:03.295994+00:00,2026-10-06T01:53:04.052966+00:00,0eea50562ee48641c0d9e1c983fa48e3fd26ba7b34757cd3662032f54f0839c9
confirmation-01,n134217728-r04-inclusive-tile-fused,134217728,inclusive,tile-fused,4,1.47349696,1.451696,1.4549904,2.218528,0.08482183775576675,2026-10-06T01:53:04.288944+00:00,2026-10-06T01:53:05.304492+00:00,abd99bfac8e830a333f078fd66257f18b94567ffef749729bc5156719e51edcf
confirmation-01,n134217728-r04-inclusive-rts,134217728,inclusive,rts,4,1.90379904,1.790144,2.5673584,2.757216,0.14480469764051768,2026-10-06T01:53:05.541995+00:00,2026-10-06T01:53:06.299770+00:00,0a498ca4ea598ba475df2acdd7d5297c700dd427f5be325af2fb594c8e0e4510
confirmation-01,n134217728-r05-inclusive-rts,134217728,inclusive,rts,5,1.85180992,1.789936,2.5411568,2.76928,0.11542217280019118,2026-10-06T01:53:06.555769+00:00,2026-10-06T01:53:07.313526+00:00,ad1a9b39ea8d68af19928d0c2b49886f83f17a8fe2bdbf1dbddb3da239d1a9dd
confirmation-01,n134217728-r05-inclusive-tile-fused,134217728,inclusive,tile-fused,5,1.49755872,1.451952,2.1894384000000002,2.222944,0.12100904592754563,2026-10-06T01:53:07.546854+00:00,2026-10-06T01:53:08.554928+00:00,cd386a8f130a305bd8b8047a628a7defc371c08feced6d14cc7797647b182c54
confirmation-01,n134217728-r05-exclusive-rts,134217728,exclusive,rts,5,1.83907936,1.789536,2.3230944,2.762752,0.09901073480105181,2026-10-06T01:53:08.805041+00:00,2026-10-06T01:53:09.562169+00:00,f15d86b0c9ea059559baa7d35622fcce4cb5768476262e9582ce77fc45854877
confirmation-01,n134217728-r05-exclusive-tile-fused,134217728,exclusive,tile-fused,5,1.52089184,1.4704,2.1595648,2.245632,0.12242943173945896,2026-10-06T01:53:09.790946+00:00,2026-10-06T01:53:10.799335+00:00,73c980e91d64de9ae1f877a6d53573738b5fd11c74f4cce3acd4c7218ded48c5
confirmation-01,n134217728-r06-exclusive-tile-fused,134217728,exclusive,tile-fused,6,1.50762176,1.470896,1.5050080000000001,2.24176,0.10788161801913976,2026-10-06T01:53:11.030810+00:00,2026-10-06T01:53:12.038701+00:00,b9cb908dd062b3bfc84dfb31e8433e03dfd4ff4ab413cdec945ba95569ccc73a
confirmation-01,n134217728-r06-exclusive-rts,134217728,exclusive,rts,6,1.86264832,1.79048,2.5610128,2.754368,0.12261851017666739,2026-10-06T01:53:12.277896+00:00,2026-10-06T01:53:13.035554+00:00,14a6e87bdd57845faed4feeaaf88c11f679f6174bf95a6a730fddb5b992bc687
confirmation-01,n134217728-r06-inclusive-tile-fused,134217728,inclusive,tile-fused,6,1.54119936,1.452064,2.2195568000000003,2.223072,0.15787426371883886,2026-10-06T01:53:13.262512+00:00,2026-10-06T01:53:14.270083+00:00,dc5be5f98d3990ce401dfd835c522c017c92e1ce6a82ea90727ea5aa88f847a4
confirmation-01,n134217728-r06-inclusive-rts,134217728,inclusive,rts,6,1.82707968,1.790048,1.8196607999999999,2.74384,0.08890698070643833,2026-10-06T01:53:14.494630+00:00,2026-10-06T01:53:15.252217+00:00,45f1848e61a031db7b8474cb3d268f71bb6b146a5b1d7aaddacc2c3de46c2758
confirmation-01,n201326592-r01-inclusive-rts,201326592,inclusive,rts,1,2.74650464,2.685072,3.4481728,3.65312,0.07858904814285052,2026-10-06T01:53:15.478419+00:00,2026-10-06T01:53:16.485216+00:00,7e3a36196e7dd4dc47f6fccba59a19cba84db1bc73f15b00469f7378706bf8d2
confirmation-01,n201326592-r01-inclusive-tile-fused,201326592,inclusive,tile-fused,1,2.28215104,2.167648,2.938448,2.949632,0.12022165416560741,2026-10-06T01:53:16.711462+00:00,2026-10-06T01:53:18.048044+00:00,e422f75cd39efe124489572cfa69ae10c5ab5b63c7942db934ceb516be2eab97
confirmation-01,n201326592-r01-exclusive-rts,201326592,exclusive,rts,1,2.7470176,2.682048,3.4443552000000004,3.645504,0.07481934582319795,2026-10-06T01:53:18.270524+00:00,2026-10-06T01:53:19.278257+00:00,1eec8afe939514df37f0d0f89ed82d945470d4ed117db4a0c25413f62a37ed8f
confirmation-01,n201326592-r01-exclusive-tile-fused,201326592,exclusive,tile-fused,1,2.25643456,2.195312,2.9585728,2.968864,0.09254560808279769,2026-10-06T01:53:19.503074+00:00,2026-10-06T01:53:20.510449+00:00,722874f6774b276cacddd94e9b083ce198e3906923811f944f2fd3f508fedb10
confirmation-01,n201326592-r02-exclusive-tile-fused,201326592,exclusive,tile-fused,2,2.26417184,2.195008,2.9615216,2.987936,0.09770602855831871,2026-10-06T01:53:20.750579+00:00,2026-10-06T01:53:21.758973+00:00,65b5616cada3fb241420f7f23f130432523a165f808e137cfd4a400cabf18ebf
confirmation-01,n201326592-r02-exclusive-rts,201326592,exclusive,rts,2,2.73082016,2.6832640000000003,2.7473008,3.637248,0.0681178771017365,2026-10-06T01:53:21.982153+00:00,2026-10-06T01:53:22.990649+00:00,766d439da44b237702b368227d815baf74b3e7aeaacbe9161326d7eba21849d4
confirmation-01,n201326592-r02-inclusive-tile-fused,201326592,inclusive,tile-fused,2,2.21060608,2.167056,2.7116944000000003,2.936928,0.07907333830495801,2026-10-06T01:53:23.213508+00:00,2026-10-06T01:53:24.222335+00:00,fc6cd71852154374a04f05678d6ebc3f48101532adfaeacd25f2e212e8bc93d5
confirmation-01,n201326592-r02-inclusive-rts,201326592,inclusive,rts,2,2.76804864,2.684736,3.4583744,3.660224,0.08709774549326071,2026-10-06T01:53:24.464127+00:00,2026-10-06T01:53:25.472458+00:00,27d6d3d2b61fe01d7630fd2c029f6abf155023228376ff0759d6b704f78475c4
confirmation-01,n201326592-r03-inclusive-rts,201326592,inclusive,rts,3,2.73783264,2.685184,3.3486608,3.665248,0.07176521769165398,2026-10-06T01:53:25.689833+00:00,2026-10-06T01:53:26.697652+00:00,3fc1f468e9faf34183ebcf60ff5e2a3bc39827f65a1bceb7895290f308727ab8
confirmation-01,n201326592-r03-inclusive-tile-fused,201326592,inclusive,tile-fused,3,2.22121504,2.167712,2.9317856,2.942272,0.08869743748125473,2026-10-06T01:53:26.924460+00:00,2026-10-06T01:53:27.932267+00:00,b2390d67a97e8503f71a98f914b45e52ef1a1ac873ae7b5d25e2345c09556fea
confirmation-01,n201326592-r03-exclusive-rts,201326592,exclusive,rts,3,2.77494368,2.6863840000000003,3.4520511999999997,3.656992,0.0899229342627394,2026-10-06T01:53:28.155621+00:00,2026-10-06T01:53:29.163351+00:00,bfc640b5e1c42f16b16c0b57828d34d654da25d2e2d7ace497fb140cb9a9fb9b
confirmation-01,n201326592-r03-exclusive-tile-fused,201326592,exclusive,tile-fused,3,2.26389248,2.1951840000000002,2.9628128,2.974784,0.0972073213821689,2026-10-06T01:53:29.409363+00:00,2026-10-06T01:53:30.416820+00:00,a3998d4ebb47b5fecd9f285e0f3189a2c116ffedff636254bf5eb71b24de9b7c
confirmation-01,n201326592-r04-exclusive-tile-fused,201326592,exclusive,tile-fused,4,2.22864064,2.195184,2.2106288,2.979488,0.06926499953716467,2026-10-06T01:53:30.689776+00:00,2026-10-06T01:53:31.697091+00:00,57b71511a6340971ae52aa593de75ff496eb71175feda015aa9fdcac506cc895
confirmation-01,n201326592-r04-exclusive-rts,201326592,exclusive,rts,4,2.75616128,2.685536,3.4741216,3.655744,0.08530453496844975,2026-10-06T01:53:31.966058+00:00,2026-10-06T01:53:32.974307+00:00,8c6ec0186c45016aed8f4896b9d7bf766ae1c5da2ebd520b00e25d90e93fd1f4
confirmation-01,n201326592-r04-inclusive-tile-fused,201326592,inclusive,tile-fused,4,2.36993248,2.168848,2.9418672,2.959136,0.14139761213097865,2026-10-06T01:53:33.279857+00:00,2026-10-06T01:53:34.288531+00:00,60ac6512bdbbe2213db2de54d2b03a749a44bcc57bf3601c1d36eac873c2343e
confirmation-01,n201326592-r04-inclusive-rts,201326592,inclusive,rts,4,2.75424,2.686368,3.4328688,3.650688,0.08259671007532876,2026-10-06T01:53:34.538220+00:00,2026-10-06T01:53:35.557438+00:00,ed3526bd751911f0fbe9330354b5a38f1b52e09cf17d4d6e99b809218f52c1f1
confirmation-01,n201326592-r05-inclusive-rts,201326592,inclusive,rts,5,2.72938592,2.685824,2.8526976,3.664768,0.0658528339094741,2026-10-06T01:53:35.811281+00:00,2026-10-06T01:53:36.819156+00:00,bbdbf11a7dd82840d3b4ed06ae9218dd373f4a77e0bfd3bcaf9c6bcef0c14bd0
confirmation-01,n201326592-r05-inclusive-tile-fused,201326592,inclusive,tile-fused,5,2.40322336,2.170896,2.9423536,2.951264,0.14242577213039842,2026-10-06T01:53:37.073979+00:00,2026-10-06T01:53:38.415565+00:00,a562a9799f50435ec00a4bf2a124c482799a0f86e3b66343f0cb408fd008d9f8
pilot-02,n67108864-r01-inclusive-rts,67108864,inclusive,rts,1,0.93039456,0.9044639999999999,0.9298832,1.71856,0.14028805401112412,2026-10-06T01:59:46.249557+00:00,2026-10-06T01:59:47.007346+00:00,478a7f3da62ac59507d7a957e631ad63cd8c544966553aa729e4c1204d615ac0
pilot-02,n67108864-r01-inclusive-tile-fused,67108864,inclusive,tile-fused,1,0.78563392,0.7818240000000001,0.787648,1.579008,0.10249725323418632,2026-10-06T01:59:52.226253+00:00,2026-10-06T01:59:52.983429+00:00,af2ee5138f409945c49678ca8170f480f51ee9c2f96ae760d9da4c9b3856e5ba
pilot-02,n67108864-r01-exclusive-rts,67108864,exclusive,rts,1,0.92968032,0.9042399999999999,0.92576,1.733696,0.1445864636757203,2026-10-06T01:59:58.216922+00:00,2026-10-06T01:59:58.973738+00:00,6bb9e38032c5d54b969fde5bf8e6bf05db73eb0b9b55e8bde53e28b1c181283c
pilot-02,n67108864-r01-exclusive-tile-fused,67108864,exclusive,tile-fused,1,0.80529952,0.7929759999999999,0.7981776,1.591232,0.1137994132764105,2026-10-06T02:00:04.205000+00:00,2026-10-06T02:00:04.969301+00:00,6ca1c0d87c1cce4f709491dddefc0576f3d7d3ef11b8f4d229470ca497af484d
pilot-02,n134217728-r01-inclusive-rts,134217728,inclusive,rts,1,1.86733984,1.799296,2.5674256,2.749408,0.11641249311208315,2026-10-06T02:00:10.196780+00:00,2026-10-06T02:00:11.205288+00:00,ba317b729127226b0c66f3496abe7a04330ec4d3327a7609f5fb3e5fac70c397
pilot-02,n134217728-r01-inclusive-tile-fused,134217728,inclusive,tile-fused,1,1.56188736,1.5509439999999999,1.5579408,2.355616,0.09952297385717573,2026-10-06T02:00:16.446610+00:00,2026-10-06T02:00:17.454208+00:00,16fd8bc01f5d9c5ab2a5b3088107f99b0c335ed44a2c042416c2236baa2e0409
pilot-02,n134217728-r01-exclusive-rts,134217728,exclusive,rts,1,1.88824064,1.800352,2.598432,2.817536,0.1366522599552363,2026-10-06T02:00:22.690633+00:00,2026-10-06T02:00:23.448450+00:00,c3c89e6645edeac0e40ece637c7e8754cebf5ffb10a85d8d8b14067bdbf1bea0
pilot-02,n134217728-r01-exclusive-tile-fused,134217728,exclusive,tile-fused,1,1.61443552,1.57328,2.2464304,2.379456,0.1255530355175155,2026-10-06T02:00:28.662542+00:00,2026-10-06T02:00:29.669566+00:00,6faf2ac52e68b811737a0deae040cb8d4800426db73a4563165a9af2ba1e2b3f
pilot-02,n201326592-r01-inclusive-rts,201326592,inclusive,rts,1,2.77415232,2.694944,3.5004608,3.685984,0.09033696405924763,2026-10-06T02:00:34.890542+00:00,2026-10-06T02:00:35.899358+00:00,b8f5e9091701b01171673ab98b756dcc3136c3b3e2f9ab05a42244f23384d17c
pilot-02,n201326592-r01-inclusive-tile-fused,201326592,inclusive,tile-fused,1,2.35506848,2.171232,3.109784,3.12304,0.13105077977856652,2026-10-06T02:00:41.120119+00:00,2026-10-06T02:00:42.127318+00:00,e3d1a2ce0d63cddd14795cb9f7860fda4ca0098e7ce3593862a45bfbff1a690d
pilot-02,n201326592-r01-exclusive-rts,201326592,exclusive,rts,1,2.76858688,2.693744,3.497856,3.651168,0.08589675222242388,2026-10-06T02:00:47.348031+00:00,2026-10-06T02:00:48.356743+00:00,e82ad719f3fad1322642aa48ae1e9e52635c6b7c9f49c28b4666e3e9176cf928
pilot-02,n201326592-r01-exclusive-tile-fused,201326592,exclusive,tile-fused,1,2.29041632,2.224912,2.9639632000000002,3.147968,0.09475871098273231,2026-10-06T02:00:53.595161+00:00,2026-10-06T02:00:54.602660+00:00,c3deee92cbbf10f5cf3e95b35e38c71cfe43fa7f3698e2f6913a53f58ba07a90
pilot-02,n268435456-r01-inclusive-rts,268435456,inclusive,rts,1,3.6321728,3.57328,4.0740544000000005,4.368384,0.049931545462364245,2026-10-06T02:00:59.842297+00:00,2026-10-06T02:01:01.172116+00:00,399664fa6c9ca61fe96b106b07e07dedfe610b7e55c090b54b273c39441afddd
pilot-02,n268435456-r01-inclusive-tile-fused,268435456,inclusive,tile-fused,1,3.00407296,2.890192,3.6599408,3.879296,0.09105780131141442,2026-10-06T02:01:06.389930+00:00,2026-10-06T02:01:07.724286+00:00,51fc64cd768a2e058dc832ae09bee5c52dbc34a095ab32ed850b551330ce1e30
pilot-02,n268435456-r01-exclusive-rts,268435456,exclusive,rts,1,3.77011648,3.599008,4.4042224,4.580448,0.08911636691396144,2026-10-06T02:01:12.935825+00:00,2026-10-06T02:01:14.256735+00:00,37e9b69306c8857766f610b0136a54901ae7cc3fa4a112efb48d44d5f3909698
pilot-02,n268435456-r01-exclusive-tile-fused,268435456,exclusive,tile-fused,1,3.02053664,2.9277759999999997,3.1667088,3.920896,0.06560643881534467,2026-10-06T02:01:19.482695+00:00,2026-10-06T02:01:20.809968+00:00,6c4c22353ecb47250b2dfd9f3f12c4711b913c843cbe2a4dd582d466566e8f6b
